# Blender 5.1.2
# www.blender.org
mtllib Iron_Dome.mtl
o BaseMissileTurret1
v -0.537516 -0.043571 0.229197
v -0.537516 -0.043571 0.668052
v -0.498289 -0.041620 0.631371
v -0.537516 -0.043571 -0.581634
v -0.498289 -0.041620 -0.544953
v -0.498289 0.020960 -0.544953
v -0.020901 -0.043571 -0.767622
v -0.012001 -0.041620 -0.720023
v -0.012001 0.020960 -0.720023
v 0.798906 0.022912 0.229197
v 0.759680 0.020960 0.218279
v 0.759680 -0.041620 0.218279
v -0.537516 0.022912 0.668052
v -0.498289 0.020960 0.631371
v -0.498289 -0.041620 0.631371
v -0.537516 0.022912 -0.142779
v -0.537516 0.022912 -0.581634
v -0.498289 0.020960 -0.544953
v -0.020901 0.022912 -0.767622
v -0.012001 0.020960 -0.720023
v -0.355593 0.020960 -0.720023
v -0.537516 -0.043571 -0.142779
v -0.498289 -0.041620 -0.131861
v -0.498289 -0.041620 -0.544953
v -0.020901 -0.043571 -0.767622
v -0.385920 -0.043571 -0.767622
v -0.355593 -0.041620 -0.720023
v -0.385920 -0.043571 0.854040
v -0.355593 -0.041620 0.806440
v -0.355593 0.020960 0.806440
v -0.537516 0.022912 -0.142779
v -0.498289 0.020960 -0.131861
v -0.498289 -0.041620 -0.131861
v -0.385920 0.022912 -0.767622
v -0.355593 0.020960 -0.720023
v -0.355593 -0.041620 -0.720023
v -0.020901 0.022912 0.854040
v -0.385920 0.022912 0.854040
v -0.355593 0.020960 0.806440
v -0.020901 -0.043571 0.854040
v -0.012001 -0.041620 0.806440
v -0.355593 -0.041620 0.806440
v 0.647311 -0.043571 -0.767622
v 0.616983 -0.041620 -0.720023
v 0.616983 0.020960 -0.720023
v 0.798906 -0.043571 -0.142779
v 0.759680 -0.041620 -0.131861
v 0.759680 0.020960 -0.131861
v -0.020901 0.022912 0.854040
v -0.012001 0.020960 0.806440
v -0.012001 -0.041620 0.806440
v 0.282291 0.022912 -0.767622
v 0.647311 0.022912 -0.767622
v 0.616983 0.020960 -0.720023
v 0.798906 0.022912 -0.142779
v 0.759680 0.020960 -0.131861
v 0.759680 0.020960 -0.544953
v 0.282291 -0.043571 -0.767622
v 0.273392 -0.041620 -0.720023
v 0.616983 -0.041620 -0.720023
v 0.798906 -0.043571 -0.142779
v 0.798906 -0.043571 -0.581634
v 0.759680 -0.041620 -0.544953
v 0.282291 -0.043571 0.854040
v 0.273392 -0.041620 0.806440
v 0.273392 0.020960 0.806440
v 0.282291 0.022912 -0.767622
v 0.273392 0.020960 -0.720023
v 0.273392 -0.041620 -0.720023
v 0.798906 0.022912 -0.581634
v 0.759680 0.020960 -0.544953
v 0.759680 -0.041620 -0.544953
v -0.498289 -0.041620 0.631371
v -0.498289 0.020960 0.631371
v -0.498289 0.020960 0.218279
v 0.759680 0.020960 -0.544953
v 0.759680 0.020960 -0.131861
v 0.759680 -0.041620 -0.131861
v -0.355593 0.020960 -0.720023
v -0.012001 0.020960 -0.720023
v -0.012001 -0.041620 -0.720023
v 0.616983 0.020960 0.806440
v 0.273392 0.020960 0.806440
v 0.273392 -0.041620 0.806440
v 0.759680 -0.041620 0.218279
v 0.759680 0.020960 0.218279
v 0.759680 0.020960 0.631371
v 0.273392 0.020960 -0.720023
v 0.616983 0.020960 -0.720023
v 0.616983 -0.041620 -0.720023
v -0.498289 -0.041620 -0.131861
v -0.498289 0.020960 -0.131861
v -0.498289 0.020960 -0.544953
v -0.537516 -0.329730 0.854040
v -0.537516 -0.043571 0.668052
v -0.537516 -0.043571 0.229197
v -0.537516 0.309070 0.043209
v -0.537516 0.022912 0.229197
v -0.537516 0.022912 0.668052
v 0.798906 -0.329730 -0.767622
v 0.798906 -0.043571 -0.581634
v 0.798906 -0.043571 -0.142779
v 0.798906 0.309070 0.043209
v 0.798906 0.022912 -0.142779
v 0.798906 0.022912 -0.581634
v 0.130695 -0.329730 -0.767622
v -0.020901 -0.043571 -0.767622
v -0.020901 0.022912 -0.767622
v 0.798906 -0.329730 0.854040
v 0.647311 -0.043571 0.854040
v 0.282291 -0.043571 0.854040
v 0.130695 -0.329730 0.854040
v 0.282291 -0.043571 0.854040
v 0.282291 0.022912 0.854040
v 0.130695 0.309070 0.854040
v -0.020901 0.022912 0.854040
v -0.020901 -0.043571 0.854040
v 0.798906 -0.329730 0.043209
v 0.798906 -0.043571 0.229197
v 0.798906 -0.043571 0.668052
v 0.798906 0.309070 0.854040
v 0.798906 0.022912 0.668052
v 0.798906 0.022912 0.229197
v 0.798906 0.309070 -0.767622
v 0.647311 0.022912 -0.767622
v 0.282291 0.022912 -0.767622
v 0.130695 0.309070 -0.767622
v 0.282291 0.022912 -0.767622
v 0.282291 -0.043571 -0.767622
v -0.537516 -0.329730 0.043209
v -0.537516 -0.043571 -0.142779
v -0.537516 -0.043571 -0.581634
v -0.537516 0.309070 -0.767622
v -0.537516 0.022912 -0.581634
v -0.537516 0.022912 -0.142779
v 0.798906 -0.043571 0.229197
v 0.759680 -0.041620 0.218279
v 0.759680 -0.041620 0.631371
v -0.537516 0.022912 0.229197
v -0.498289 0.020960 0.218279
v -0.498289 0.020960 0.631371
v 0.798906 0.022912 0.229197
v 0.798906 0.022912 0.668052
v 0.759680 0.020960 0.631371
v 0.647311 0.022912 0.854040
v 0.616983 0.020960 0.806440
v 0.616983 -0.041620 0.806440
v -0.634881 0.001296 0.686444
v -0.427214 0.001296 0.686444
v -0.375298 -0.363915 0.622750
v -0.634881 0.001296 0.941224
v -0.634881 0.001296 0.686444
v -0.686798 -0.363915 0.622750
v -0.375298 -0.363915 1.004918
v -0.427214 0.001296 0.941224
v -0.634881 0.001296 0.941224
v -0.375298 -0.363915 0.622750
v -0.427214 0.001296 0.686444
v -0.427214 0.001296 0.941224
v 0.636688 -0.363915 0.622750
v 0.688605 0.001296 0.686444
v 0.896271 0.001296 0.686444
v 0.948188 -0.363915 0.622750
v 0.896271 0.001296 0.686444
v 0.896271 0.001296 0.941224
v 0.948188 -0.363915 1.004918
v 0.896271 0.001296 0.941224
v 0.688605 0.001296 0.941224
v 0.636688 -0.363915 1.004918
v 0.688605 0.001296 0.941224
v 0.688605 0.001296 0.686444
v -0.375298 -0.363916 -0.536332
v -0.427214 0.001296 -0.600027
v -0.634881 0.001296 -0.600027
v -0.686798 -0.363916 -0.918501
v -0.686798 -0.363916 -0.536332
v -0.634881 0.001296 -0.600027
v -0.375298 -0.363916 -0.918501
v -0.686798 -0.363916 -0.918501
v -0.634881 0.001296 -0.854806
v -0.375298 -0.363916 -0.918501
v -0.427214 0.001296 -0.854806
v -0.427214 0.001296 -0.600027
v 0.896272 0.001296 -0.600027
v 0.688605 0.001296 -0.600027
v 0.636688 -0.363916 -0.536332
v 0.896272 0.001296 -0.854806
v 0.896272 0.001296 -0.600027
v 0.948188 -0.363916 -0.536332
v 0.688605 0.001296 -0.854806
v 0.896272 0.001296 -0.854806
v 0.948188 -0.363916 -0.918501
v 0.688605 0.001296 -0.600027
v 0.688605 0.001296 -0.854806
v 0.636688 -0.363916 -0.918501
v -0.537516 -0.043571 0.229197
v -0.498289 -0.041620 0.218279
v -0.498289 0.020960 0.218279
v 0.798906 -0.043571 0.668052
v 0.759680 -0.041620 0.631371
v 0.759680 0.020960 0.631371
v 0.282291 -0.043571 0.854040
v 0.647311 -0.043571 0.854040
v 0.616983 -0.041620 0.806440
v 0.282291 0.022912 0.854040
v 0.273392 0.020960 0.806440
v 0.616983 0.020960 0.806440
v -0.537516 -0.043571 0.229197
v -0.498289 -0.041620 0.631371
v -0.498289 -0.041620 0.218279
v -0.537516 -0.043571 -0.581634
v -0.498289 0.020960 -0.544953
v -0.537516 0.022912 -0.581634
v -0.020901 -0.043571 -0.767622
v -0.012001 0.020960 -0.720023
v -0.020901 0.022912 -0.767622
v 0.798906 0.022912 0.229197
v 0.759680 -0.041620 0.218279
v 0.798906 -0.043571 0.229197
v -0.537516 0.022912 0.668052
v -0.498289 -0.041620 0.631371
v -0.537516 -0.043571 0.668052
v -0.537516 0.022912 -0.142779
v -0.498289 0.020960 -0.544953
v -0.498289 0.020960 -0.131861
v -0.020901 0.022912 -0.767622
v -0.355593 0.020960 -0.720023
v -0.385920 0.022912 -0.767622
v -0.537516 -0.043571 -0.142779
v -0.498289 -0.041620 -0.544953
v -0.537516 -0.043571 -0.581634
v -0.020901 -0.043571 -0.767622
v -0.355593 -0.041620 -0.720023
v -0.012001 -0.041620 -0.720023
v -0.385920 -0.043571 0.854040
v -0.355593 0.020960 0.806440
v -0.385920 0.022912 0.854040
v -0.537516 0.022912 -0.142779
v -0.498289 -0.041620 -0.131861
v -0.537516 -0.043571 -0.142779
v -0.385920 0.022912 -0.767622
v -0.355593 -0.041620 -0.720023
v -0.385920 -0.043571 -0.767622
v -0.020901 0.022912 0.854040
v -0.355593 0.020960 0.806440
v -0.012001 0.020960 0.806440
v -0.020901 -0.043571 0.854040
v -0.355593 -0.041620 0.806440
v -0.385920 -0.043571 0.854040
v 0.647311 -0.043571 -0.767622
v 0.616983 0.020960 -0.720023
v 0.647311 0.022912 -0.767622
v 0.798906 -0.043571 -0.142779
v 0.759680 0.020960 -0.131861
v 0.798906 0.022912 -0.142779
v -0.020901 0.022912 0.854040
v -0.012001 -0.041620 0.806440
v -0.020901 -0.043571 0.854040
v 0.282291 0.022912 -0.767622
v 0.616983 0.020960 -0.720023
v 0.273392 0.020960 -0.720023
v 0.798906 0.022912 -0.142779
v 0.759680 0.020960 -0.544953
v 0.798906 0.022912 -0.581634
v 0.282291 -0.043571 -0.767622
v 0.616983 -0.041620 -0.720023
v 0.647311 -0.043571 -0.767622
v 0.798906 -0.043571 -0.142779
v 0.759680 -0.041620 -0.544953
v 0.759680 -0.041620 -0.131861
v 0.282291 -0.043571 0.854040
v 0.273392 0.020960 0.806440
v 0.282291 0.022912 0.854040
v 0.282291 0.022912 -0.767622
v 0.273392 -0.041620 -0.720023
v 0.282291 -0.043571 -0.767622
v 0.798906 0.022912 -0.581634
v 0.759680 -0.041620 -0.544953
v 0.798906 -0.043571 -0.581634
v -0.498289 -0.041620 0.631371
v -0.498289 0.020960 0.218279
v -0.498289 -0.041620 0.218279
v 0.759680 0.020960 -0.544953
v 0.759680 -0.041620 -0.131861
v 0.759680 -0.041620 -0.544953
v -0.355593 0.020960 -0.720023
v -0.012001 -0.041620 -0.720023
v -0.355593 -0.041620 -0.720023
v 0.616983 0.020960 0.806440
v 0.273392 -0.041620 0.806440
v 0.616983 -0.041620 0.806440
v -0.012001 0.020960 0.806440
v -0.355593 0.020960 0.806440
v -0.355593 -0.041620 0.806440
v -0.012001 -0.041620 0.806440
v 0.759680 -0.041620 0.218279
v 0.759680 0.020960 0.631371
v 0.759680 -0.041620 0.631371
v 0.273392 0.020960 -0.720023
v 0.616983 -0.041620 -0.720023
v 0.273392 -0.041620 -0.720023
v -0.498289 -0.041620 -0.131861
v -0.498289 0.020960 -0.544953
v -0.498289 -0.041620 -0.544953
v -0.537516 -0.329730 0.854040
v -0.537516 0.309070 0.854040
v -0.537516 0.022912 0.668052
v -0.537516 -0.043571 0.229197
v -0.537516 -0.329730 0.043209
v -0.537516 0.309070 0.043209
v -0.537516 -0.043571 0.229197
v -0.537516 0.022912 0.229197
v -0.537516 -0.329730 0.854040
v -0.537516 0.022912 0.668052
v -0.537516 -0.043571 0.668052
v 0.798906 -0.329730 -0.767622
v 0.798906 0.309070 -0.767622
v 0.798906 0.022912 -0.581634
v 0.798906 -0.043571 -0.142779
v 0.798906 -0.329730 0.043209
v 0.798906 0.309070 0.043209
v 0.798906 -0.043571 -0.142779
v 0.798906 0.022912 -0.142779
v 0.798906 -0.329730 -0.767622
v 0.798906 0.022912 -0.581634
v 0.798906 -0.043571 -0.581634
v -0.537516 -0.329730 -0.767622
v -0.020901 -0.043571 -0.767622
v 0.130695 -0.329730 -0.767622
v 0.130695 0.309070 -0.767622
v -0.385920 0.022912 -0.767622
v -0.537516 0.309070 -0.767622
v -0.537516 -0.329730 -0.767622
v -0.385920 -0.043571 -0.767622
v -0.020901 -0.043571 -0.767622
v -0.537516 0.309070 -0.767622
v -0.385920 0.022912 -0.767622
v 0.798906 -0.329730 0.854040
v 0.282291 -0.043571 0.854040
v 0.130695 -0.329730 0.854040
v 0.130695 0.309070 0.854040
v 0.647311 0.022912 0.854040
v 0.798906 0.309070 0.854040
v 0.798906 0.309070 0.854040
v 0.647311 0.022912 0.854040
v 0.647311 -0.043571 0.854040
v 0.798906 -0.329730 0.854040
v 0.130695 -0.329730 0.854040
v -0.385920 -0.043571 0.854040
v -0.537516 -0.329730 0.854040
v -0.537516 0.309070 0.854040
v -0.385920 0.022912 0.854040
v -0.020901 0.022912 0.854040
v -0.537516 -0.329730 0.854040
v -0.385920 -0.043571 0.854040
v -0.537516 0.309070 0.854040
v -0.020901 0.022912 0.854040
v 0.130695 0.309070 0.854040
v 0.130695 -0.329730 0.854040
v -0.020901 -0.043571 0.854040
v 0.282291 0.022912 0.854040
v 0.130695 0.309070 0.854040
v 0.798906 -0.043571 0.668052
v 0.798906 -0.329730 0.854040
v 0.798906 0.309070 0.043209
v 0.798906 0.022912 0.229197
v 0.798906 0.309070 0.854040
v 0.798906 -0.043571 0.668052
v 0.798906 0.022912 0.668052
v 0.798906 0.309070 0.854040
v 0.798906 -0.329730 0.043209
v 0.798906 0.022912 0.229197
v 0.798906 -0.043571 0.229197
v 0.130695 -0.329730 -0.767622
v 0.647311 -0.043571 -0.767622
v 0.798906 -0.329730 -0.767622
v 0.798906 -0.329730 -0.767622
v 0.647311 0.022912 -0.767622
v 0.798906 0.309070 -0.767622
v 0.647311 -0.043571 -0.767622
v 0.798906 0.309070 -0.767622
v 0.282291 0.022912 -0.767622
v 0.130695 0.309070 -0.767622
v 0.130695 -0.329730 -0.767622
v 0.282291 -0.043571 -0.767622
v -0.020901 0.022912 -0.767622
v 0.130695 0.309070 -0.767622
v -0.537516 -0.043571 -0.581634
v -0.537516 -0.329730 -0.767622
v -0.537516 0.309070 0.043209
v -0.537516 0.022912 -0.142779
v -0.537516 0.309070 -0.767622
v -0.537516 -0.043571 -0.581634
v -0.537516 0.022912 -0.581634
v -0.537516 0.309070 -0.767622
v -0.537516 -0.329730 0.043209
v -0.537516 0.022912 -0.142779
v -0.537516 -0.043571 -0.142779
v 0.798906 -0.043571 0.229197
v 0.759680 -0.041620 0.631371
v 0.798906 -0.043571 0.668052
v -0.537516 0.022912 0.229197
v -0.498289 0.020960 0.631371
v -0.537516 0.022912 0.668052
v 0.798906 -0.329730 -0.767622
v 0.130695 -0.329730 0.043209
v 0.130695 -0.329730 -0.767622
v 0.798906 -0.329730 0.043209
v -0.537516 0.309070 -0.767622
v -0.537516 0.309070 0.043209
v 0.130695 0.309070 0.043209
v 0.130695 0.309070 -0.767622
v 0.798906 0.309070 0.043209
v 0.798906 0.309070 -0.767622
v -0.537516 -0.329730 0.043209
v -0.537516 -0.329730 -0.767622
v 0.798906 0.022912 0.229197
v 0.759680 0.020960 0.631371
v 0.759680 0.020960 0.218279
v 0.647311 0.022912 0.854040
v 0.616983 -0.041620 0.806440
v 0.647311 -0.043571 0.854040
v -0.427214 0.001296 0.941224
v -0.634881 0.001296 0.686444
v -0.634881 0.001296 0.941224
v -0.427214 0.001296 0.686444
v -0.686798 -0.363915 1.004918
v -0.375298 -0.363915 0.622750
v -0.375298 -0.363915 1.004918
v -0.686798 -0.363915 0.622750
v -0.634881 0.001296 0.686444
v -0.375298 -0.363915 0.622750
v -0.686798 -0.363915 0.622750
v -0.634881 0.001296 0.941224
v -0.686798 -0.363915 0.622750
v -0.686798 -0.363915 1.004918
v -0.375298 -0.363915 1.004918
v -0.634881 0.001296 0.941224
v -0.686798 -0.363915 1.004918
v -0.375298 -0.363915 0.622750
v -0.427214 0.001296 0.941224
v -0.375298 -0.363915 1.004918
v 0.896271 0.001296 0.686444
v 0.688605 0.001296 0.941224
v 0.896271 0.001296 0.941224
v 0.688605 0.001296 0.686444
v 0.636688 -0.363915 0.622750
v 0.948188 -0.363915 0.622750
v 0.948188 -0.363915 1.004918
v 0.636688 -0.363915 1.004918
v 0.636688 -0.363915 0.622750
v 0.896271 0.001296 0.686444
v 0.948188 -0.363915 0.622750
v 0.948188 -0.363915 0.622750
v 0.896271 0.001296 0.941224
v 0.948188 -0.363915 1.004918
v 0.948188 -0.363915 1.004918
v 0.688605 0.001296 0.941224
v 0.636688 -0.363915 1.004918
v 0.636688 -0.363915 1.004918
v 0.688605 0.001296 0.686444
v 0.636688 -0.363915 0.622750
v -0.634881 0.001296 -0.600027
v -0.427214 0.001296 -0.854806
v -0.634881 0.001296 -0.854806
v -0.427214 0.001296 -0.600027
v -0.375298 -0.363916 -0.536332
v -0.686798 -0.363916 -0.918501
v -0.375298 -0.363916 -0.918501
v -0.686798 -0.363916 -0.536332
v -0.375298 -0.363916 -0.536332
v -0.634881 0.001296 -0.600027
v -0.686798 -0.363916 -0.536332
v -0.686798 -0.363916 -0.918501
v -0.634881 0.001296 -0.600027
v -0.634881 0.001296 -0.854806
v -0.375298 -0.363916 -0.918501
v -0.634881 0.001296 -0.854806
v -0.427214 0.001296 -0.854806
v -0.375298 -0.363916 -0.918501
v -0.427214 0.001296 -0.600027
v -0.375298 -0.363916 -0.536332
v 0.688605 0.001296 -0.854806
v 0.896272 0.001296 -0.600027
v 0.896272 0.001296 -0.854806
v 0.688605 0.001296 -0.600027
v 0.948188 -0.363916 -0.918501
v 0.636688 -0.363916 -0.536332
v 0.636688 -0.363916 -0.918501
v 0.948188 -0.363916 -0.536332
v 0.896272 0.001296 -0.600027
v 0.636688 -0.363916 -0.536332
v 0.948188 -0.363916 -0.536332
v 0.896272 0.001296 -0.854806
v 0.948188 -0.363916 -0.536332
v 0.948188 -0.363916 -0.918501
v 0.688605 0.001296 -0.854806
v 0.948188 -0.363916 -0.918501
v 0.636688 -0.363916 -0.918501
v 0.688605 0.001296 -0.600027
v 0.636688 -0.363916 -0.918501
v 0.636688 -0.363916 -0.536332
v 0.798906 0.309070 0.854040
v 0.130695 0.309070 0.854040
v -0.537516 0.309070 0.854040
v -0.537516 -0.329730 0.854040
v 0.130695 -0.329730 0.854040
v 0.798906 -0.329730 0.854040
v -0.537516 -0.043571 0.229197
v -0.498289 0.020960 0.218279
v -0.537516 0.022912 0.229197
v 0.798906 -0.043571 0.668052
v 0.759680 0.020960 0.631371
v 0.798906 0.022912 0.668052
v 0.282291 -0.043571 0.854040
v 0.616983 -0.041620 0.806440
v 0.273392 -0.041620 0.806440
v 0.282291 0.022912 0.854040
v 0.616983 0.020960 0.806440
v 0.647311 0.022912 0.854040
v -0.601822 0.375296 0.727003
v -0.460273 0.375296 0.727003
v -0.439041 -0.007512 0.700954
v -0.601822 0.375296 0.900664
v -0.601822 0.375296 0.727003
v -0.623054 -0.007512 0.700954
v -0.439041 -0.007512 0.926714
v -0.460273 0.375296 0.900664
v -0.601822 0.375296 0.900664
v -0.439041 -0.007512 0.700954
v -0.460273 0.375296 0.727003
v -0.460273 0.375296 0.900664
v 0.700432 -0.007512 0.700954
v 0.721664 0.375296 0.727004
v 0.863212 0.375296 0.727004
v 0.884444 -0.007512 0.926714
v 0.884444 -0.007512 0.700954
v 0.863212 0.375296 0.727004
v 0.884444 -0.007512 0.926714
v 0.863212 0.375296 0.900665
v 0.721664 0.375296 0.900665
v 0.700432 -0.007512 0.926714
v 0.721664 0.375296 0.900665
v 0.721664 0.375296 0.727004
v -0.439041 -0.007512 -0.614537
v -0.460273 0.375296 -0.640586
v -0.601822 0.375296 -0.640586
v -0.623054 -0.007512 -0.840296
v -0.623054 -0.007512 -0.614537
v -0.601822 0.375296 -0.640586
v -0.439041 -0.007512 -0.840296
v -0.623054 -0.007512 -0.840296
v -0.601822 0.375296 -0.814247
v -0.439041 -0.007512 -0.840296
v -0.460273 0.375296 -0.814247
v -0.460273 0.375296 -0.640586
v 0.863212 0.375296 -0.640586
v 0.721664 0.375296 -0.640586
v 0.700432 -0.007512 -0.614537
v 0.884445 -0.007512 -0.840296
v 0.863212 0.375296 -0.814247
v 0.863212 0.375296 -0.640586
v 0.721664 0.375296 -0.814247
v 0.863212 0.375296 -0.814247
v 0.884445 -0.007512 -0.840296
v 0.721664 0.375296 -0.640586
v 0.721664 0.375296 -0.814247
v 0.700432 -0.007512 -0.840296
v -0.460273 0.375296 0.900664
v -0.601822 0.375296 0.727003
v -0.601822 0.375296 0.900664
v -0.460273 0.375296 0.727003
v -0.623054 -0.007512 0.926714
v -0.623054 -0.007512 0.700954
v -0.439041 -0.007512 0.700954
v -0.439041 -0.007512 0.926714
v -0.601822 0.375296 0.727003
v -0.439041 -0.007512 0.700954
v -0.623054 -0.007512 0.700954
v -0.601822 0.375296 0.900664
v -0.623054 -0.007512 0.700954
v -0.623054 -0.007512 0.926714
v -0.439041 -0.007512 0.926714
v -0.601822 0.375296 0.900664
v -0.623054 -0.007512 0.926714
v -0.439041 -0.007512 0.700954
v -0.460273 0.375296 0.900664
v -0.439041 -0.007512 0.926714
v 0.863212 0.375296 0.727004
v 0.721664 0.375296 0.727004
v 0.721664 0.375296 0.900665
v 0.863212 0.375296 0.900665
v 0.700432 -0.007512 0.700954
v 0.884444 -0.007512 0.700954
v 0.884444 -0.007512 0.926714
v 0.700432 -0.007512 0.926714
v 0.700432 -0.007512 0.700954
v 0.863212 0.375296 0.727004
v 0.884444 -0.007512 0.700954
v 0.884444 -0.007512 0.926714
v 0.863212 0.375296 0.727004
v 0.863212 0.375296 0.900665
v 0.884444 -0.007512 0.926714
v 0.721664 0.375296 0.900665
v 0.700432 -0.007512 0.926714
v 0.700432 -0.007512 0.926714
v 0.721664 0.375296 0.727004
v 0.700432 -0.007512 0.700954
v -0.601822 0.375296 -0.640586
v -0.460273 0.375296 -0.814247
v -0.601822 0.375296 -0.814247
v -0.460273 0.375296 -0.640586
v -0.439041 -0.007512 -0.614537
v -0.623054 -0.007512 -0.840296
v -0.439041 -0.007512 -0.840296
v -0.623054 -0.007512 -0.614537
v -0.439041 -0.007512 -0.614537
v -0.601822 0.375296 -0.640586
v -0.623054 -0.007512 -0.614537
v -0.623054 -0.007512 -0.840296
v -0.601822 0.375296 -0.640586
v -0.601822 0.375296 -0.814247
v -0.439041 -0.007512 -0.840296
v -0.601822 0.375296 -0.814247
v -0.460273 0.375296 -0.814247
v -0.439041 -0.007512 -0.840296
v -0.460273 0.375296 -0.640586
v -0.439041 -0.007512 -0.614537
v 0.721664 0.375296 -0.814247
v 0.863212 0.375296 -0.640586
v 0.863212 0.375296 -0.814247
v 0.721664 0.375296 -0.640586
v 0.884445 -0.007512 -0.840296
v 0.700432 -0.007512 -0.614537
v 0.700432 -0.007512 -0.840296
v 0.884445 -0.007512 -0.614537
v 0.863212 0.375296 -0.640586
v 0.700432 -0.007512 -0.614537
v 0.884445 -0.007512 -0.614537
v 0.884445 -0.007512 -0.840296
v 0.863212 0.375296 -0.640586
v 0.884445 -0.007512 -0.614537
v 0.721664 0.375296 -0.814247
v 0.884445 -0.007512 -0.840296
v 0.700432 -0.007512 -0.840296
v 0.721664 0.375296 -0.640586
v 0.700432 -0.007512 -0.840296
v 0.700432 -0.007512 -0.614537
vn -0.0497 0.9988 -0.0000
vn -0.6830 -0.0000 0.7304
vn -0.9830 -0.0000 0.1838
vn -0.2681 -0.0000 0.9634
vn -0.6830 -0.0000 -0.7304
vn -0.0497 -0.9988 -0.0000
vn -0.0000 -0.9992 -0.0410
vn -0.0000 0.9992 -0.0410
vn 0.8434 -0.0000 0.5373
vn 0.2681 -0.0000 -0.9634
vn 0.8434 -0.0000 -0.5373
vn -0.0000 -0.9992 0.0410
vn -0.0000 0.9992 0.0410
vn -0.8434 -0.0000 -0.5373
vn -0.2681 -0.0000 -0.9634
vn -0.9830 -0.0000 -0.1838
vn 0.0497 -0.9988 -0.0000
vn 0.0497 0.9988 -0.0000
vn 0.9830 -0.0000 -0.1838
vn 0.9830 -0.0000 0.1838
vn 0.6830 -0.0000 0.7304
vn -1.0000 -0.0000 -0.0000
vn 1.0000 -0.0000 -0.0000
vn -0.0000 -0.0000 -1.0000
vn -0.0000 -0.0000 1.0000
vn -0.8434 -0.0000 0.5373
vn -0.0000 0.1718 -0.9851
vn -0.9900 0.1407 -0.0000
vn -0.0000 0.1718 0.9851
vn 0.9900 0.1407 -0.0000
vn 0.2681 -0.0000 0.9634
vn 0.6830 -0.0000 -0.7304
vn -0.0000 -1.0000 -0.0000
vn -0.0000 1.0000 -0.0000
vn -0.0000 0.0679 -0.9977
vn -0.9985 0.0554 -0.0000
vn -0.0000 0.0679 0.9977
vn 0.9985 0.0554 -0.0000
vt 0.486991 0.096328
vt 0.486991 0.028672
vt 0.486991 0.221328
vt 0.513009 0.221328
vt 0.486991 0.346641
vt 0.513009 0.346641
vt 0.513009 0.653672
vt 0.486991 0.653672
vt 0.513009 0.028672
vt 0.513009 0.153672
vt 0.513009 0.278359
vt 0.486991 0.153672
vt 0.486991 0.278359
vt 0.486991 0.971641
vt 0.513009 0.971641
vt 0.513009 0.903359
vt 0.486991 0.903359
vt 0.486991 0.471641
vt 0.513009 0.471641
vt 0.486991 0.596328
vt 0.513009 0.596328
vt 0.513009 0.403359
vt 0.513009 0.528672
vt 0.486991 0.403359
vt 0.486991 0.528672
vt 0.486991 0.846641
vt 0.513009 0.846641
vt 0.513009 0.096328
vt 0.513009 0.778359
vt 0.513009 0.721328
vt 0.375000 0.000000
vt 0.625000 0.125000
vt 0.375000 0.500000
vt 0.625000 0.625000
vt 0.375000 0.375000
vt 0.375000 0.750000
vt 0.486991 0.778359
vt 0.375000 0.875000
vt 0.625000 0.875000
vt 0.375000 0.625000
vt 0.486991 0.721328
vt 0.625000 0.750000
vt 0.625000 0.500000
vt 0.625000 0.375000
vt 0.375000 0.125000
vt 0.625000 0.250000
vt 0.625000 1.000000
vt 0.375000 1.000000
vt 0.375000 0.250000
vt 0.625000 0.000000
vt 0.250000 0.625000
vt 0.250000 0.500000
vt 0.875000 0.500000
vt 0.875000 0.625000
vt 0.750000 0.625000
vt 0.750000 0.500000
vt 0.125000 0.625000
vt 0.125000 0.500000
vt 0.875000 0.750000
vt 0.125000 0.750000
vt 0.750000 0.750000
vt 0.250000 0.750000
s 0
usemtl BlackMiddleMissileTurret1
f 1/1/1 2/2/1 3/2/1
f 4/3/2 5/3/2 6/4/2
f 7/5/3 8/5/3 9/6/3
f 10/7/4 11/7/4 12/8/4
f 13/9/5 14/9/5 15/2/5
f 16/10/6 17/4/6 18/4/6
f 19/6/7 20/6/7 21/11/7
s 1
f 22/12/1 23/12/1 24/3/1
f 25/5/8 26/13/8 27/13/8
s 0
f 28/14/9 29/14/9 30/15/9
f 31/10/10 32/10/10 33/12/10
f 34/11/11 35/11/11 36/13/11
s 1
f 37/16/12 38/15/12 39/15/12
s 0
f 40/17/13 41/17/13 42/14/13
f 43/18/14 44/18/14 45/19/14
f 46/20/15 47/20/15 48/21/15
f 49/16/16 50/16/16 51/17/16
s 1
f 52/22/7 53/19/7 54/19/7
f 55/21/17 56/21/17 57/23/17
s 0
f 58/24/8 59/24/8 60/18/8
f 61/20/18 62/25/18 63/25/18
f 64/26/19 65/26/19 66/27/19
f 67/22/20 68/22/20 69/24/20
f 70/23/21 71/23/21 72/25/21
f 73/2/22 74/9/22 75/28/22
f 76/23/23 77/21/23 78/20/23
f 79/11/24 80/6/24 81/5/24
f 82/29/25 83/27/25 84/26/25
f 85/8/23 86/7/23 87/30/23
f 88/22/24 89/19/24 90/18/24
f 91/12/22 92/10/22 93/4/22
f 94/31/22 95/2/22 96/1/22
f 97/32/22 98/28/22 99/9/22
f 100/33/23 101/25/23 102/20/23
f 103/34/23 104/21/23 105/23/23
f 106/35/24 107/5/24 108/6/24
f 109/36/25 110/37/25 111/26/25
f 112/38/25 113/26/25 114/27/25
f 115/39/25 116/16/25 117/17/25
f 118/40/23 119/8/23 120/41/23
f 121/42/23 122/30/23 123/7/23
f 124/43/24 125/19/24 126/22/24
f 127/44/24 128/22/24 129/24/24
f 130/45/22 131/12/22 132/3/22
f 133/46/22 134/4/22 135/10/22
s 1
f 136/8/18 137/8/18 138/41/18
f 139/28/6 140/28/6 141/9/6
s 0
f 142/7/17 143/30/17 144/30/17
f 145/29/26 146/29/26 147/37/26
f 148/42/27 149/47/27 150/48/27
f 151/43/28 152/42/28 153/36/28
f 154/49/29 155/46/29 156/43/29
f 157/31/30 158/50/30 159/46/30
f 160/48/27 161/47/27 162/42/27
f 163/36/30 164/42/30 165/43/30
f 166/33/29 167/43/29 168/46/29
f 169/49/28 170/46/28 171/50/28
f 172/48/29 173/47/29 174/42/29
f 175/33/28 176/36/28 177/42/28
f 178/49/27 179/33/27 180/43/27
f 181/49/30 182/46/30 183/50/30
f 184/42/29 185/47/29 186/48/29
f 187/43/30 188/42/30 189/36/30
f 190/46/27 191/43/27 192/33/27
f 193/50/28 194/46/28 195/49/28
f 196/1/31 197/1/31 198/28/31
f 199/41/32 200/41/32 201/30/32
s 1
f 202/26/13 203/37/13 204/37/13
s 0
f 205/27/12 206/27/12 207/29/12
s 1
f 208/1/1 209/2/1 210/1/1
s 0
f 211/3/2 212/4/2 213/4/2
f 214/5/3 215/6/3 216/6/3
f 217/7/4 218/8/4 219/8/4
f 220/9/5 221/2/5 222/2/5
s 1
f 223/10/6 224/4/6 225/10/6
f 226/6/7 227/11/7 228/11/7
s 0
f 229/12/1 230/3/1 231/3/1
f 232/5/8 233/13/8 234/5/8
f 235/14/9 236/15/9 237/15/9
f 238/10/10 239/12/10 240/12/10
f 241/11/11 242/13/11 243/13/11
f 244/16/12 245/15/12 246/16/12
s 1
f 247/17/13 248/14/13 249/14/13
s 0
f 250/18/14 251/19/14 252/19/14
f 253/20/15 254/21/15 255/21/15
f 256/16/16 257/17/16 258/17/16
f 259/22/7 260/19/7 261/22/7
f 262/21/17 263/23/17 264/23/17
s 1
f 265/24/8 266/18/8 267/18/8
f 268/20/18 269/25/18 270/20/18
s 0
f 271/26/19 272/27/19 273/27/19
f 274/22/20 275/24/20 276/24/20
f 277/23/21 278/25/21 279/25/21
f 280/2/22 281/28/22 282/1/22
f 283/23/23 284/20/23 285/25/23
f 286/11/24 287/5/24 288/13/24
f 289/29/25 290/26/25 291/37/25
f 292/16/25 293/15/25 294/14/25
f 292/16/25 294/14/25 295/17/25
f 296/8/23 297/30/23 298/41/23
f 299/22/24 300/18/24 301/24/24
f 302/12/22 303/4/22 304/3/22
f 305/31/22 306/50/22 307/9/22
f 305/31/22 308/1/22 309/45/22
f 310/32/22 311/1/22 312/28/22
f 313/31/22 314/9/22 315/2/22
f 316/33/23 317/43/23 318/23/23
f 316/33/23 319/20/23 320/40/23
f 321/34/23 322/20/23 323/21/23
f 324/33/23 325/23/23 326/25/23
f 327/49/24 328/5/24 329/35/24
f 330/44/24 331/11/24 332/46/24
f 333/49/24 334/13/24 335/5/24
f 336/46/24 334/13/24 333/49/24
f 336/46/24 337/11/24 334/13/24
f 338/36/25 339/26/25 340/38/25
f 341/39/25 342/29/25 343/42/25
f 344/42/25 345/29/25 346/37/25
f 344/42/25 346/37/25 347/36/25
f 348/38/25 349/14/25 350/48/25
f 351/47/25 352/15/25 353/16/25
f 354/48/25 352/15/25 351/47/25
f 354/48/25 355/14/25 352/15/25
f 356/47/25 357/16/25 358/39/25
f 359/38/25 360/17/25 355/14/25
f 359/38/25 361/27/25 362/39/25
f 362/39/25 360/17/25 359/38/25
f 362/39/25 361/27/25 345/29/25
f 320/40/23 363/41/23 364/36/23
f 320/40/23 365/34/23 366/7/23
f 367/42/23 368/41/23 369/30/23
f 365/34/23 318/23/23 317/43/23
f 365/34/23 320/40/23 319/20/23
f 370/42/23 364/36/23 363/41/23
f 370/42/23 366/7/23 365/34/23
f 371/40/23 372/7/23 373/8/23
f 374/35/24 375/18/24 376/33/24
f 377/33/24 378/19/24 379/43/24
f 377/33/24 380/18/24 378/19/24
f 381/43/24 382/22/24 383/44/24
f 384/35/24 385/24/24 380/18/24
f 384/35/24 386/6/24 387/44/24
f 387/44/24 385/24/24 384/35/24
f 387/44/24 386/6/24 337/11/24
f 309/45/22 388/3/22 389/49/22
f 309/45/22 390/32/22 391/10/22
f 392/46/22 393/3/22 394/4/22
f 390/32/22 307/9/22 306/50/22
f 390/32/22 309/45/22 308/1/22
f 395/46/22 391/10/22 390/32/22
f 395/46/22 389/49/22 388/3/22
f 396/45/22 397/10/22 398/12/22
f 399/8/18 400/41/18 401/41/18
f 402/28/6 403/9/6 404/9/6
f 405/33/33 406/51/33 407/52/33
f 405/33/33 408/40/33 406/51/33
f 409/53/34 410/54/34 411/55/34
f 409/53/34 411/55/34 412/56/34
f 412/56/34 411/55/34 413/34/34
f 412/56/34 413/34/34 414/43/34
f 407/52/33 406/51/33 415/57/33
f 407/52/33 415/57/33 416/58/33
s 1
f 417/7/17 418/30/17 419/7/17
s 0
f 420/29/26 421/37/26 422/37/26
f 423/53/34 424/42/34 425/43/34
f 423/53/34 426/59/34 424/42/34
f 427/33/33 428/60/33 429/58/33
f 427/33/33 430/36/33 428/60/33
f 431/42/27 432/48/27 433/36/27
f 434/43/28 435/36/28 436/33/28
f 437/49/29 438/43/29 439/33/29
s 1
f 440/31/30 441/46/30 442/49/30
s 0
f 443/42/34 444/53/34 445/43/34
f 443/42/34 446/59/34 444/53/34
f 447/60/33 448/36/33 449/33/33
f 447/60/33 449/33/33 450/58/33
f 451/48/27 452/42/27 453/36/27
f 454/36/30 455/43/30 456/33/30
f 457/33/29 458/46/29 459/49/29
f 460/49/28 461/50/28 462/31/28
f 463/42/34 464/53/34 465/43/34
f 463/42/34 466/59/34 464/53/34
f 467/60/33 468/33/33 469/58/33
f 467/60/33 470/36/33 468/33/33
f 471/48/29 472/42/29 473/36/29
f 474/33/28 475/42/28 476/43/28
f 477/49/27 478/43/27 479/46/27
f 480/49/30 481/50/30 482/31/30
f 483/53/34 484/42/34 485/43/34
f 483/53/34 486/59/34 484/42/34
f 487/33/33 488/60/33 489/58/33
f 487/33/33 490/36/33 488/60/33
f 491/42/29 492/48/29 493/36/29
f 494/43/30 495/36/30 496/33/30
f 497/46/27 498/33/27 499/49/27
f 500/50/28 501/49/28 502/31/28
f 411/55/34 503/42/34 413/34/34
f 411/55/34 504/61/34 503/42/34
f 410/54/34 504/61/34 411/55/34
f 410/54/34 505/59/34 504/61/34
f 406/51/33 506/60/33 415/57/33
f 406/51/33 507/62/33 506/60/33
f 408/40/33 508/36/33 507/62/33
f 408/40/33 507/62/33 406/51/33
f 509/1/31 510/28/31 511/28/31
f 512/41/32 513/30/32 514/30/32
f 515/26/13 516/37/13 517/26/13
s 1
f 518/27/12 519/29/12 520/29/12
s 0
usemtl YellowBaseMissileTurret1
f 521/42/35 522/47/35 523/48/35
f 524/43/36 525/42/36 526/36/36
f 527/49/37 528/46/37 529/43/37
f 530/31/38 531/50/38 532/46/38
f 533/48/35 534/47/35 535/42/35
f 536/33/38 537/36/38 538/42/38
f 539/33/37 540/43/37 541/46/37
f 542/49/36 543/46/36 544/50/36
f 545/48/37 546/47/37 547/42/37
f 548/33/36 549/36/36 550/42/36
f 551/49/35 552/33/35 553/43/35
f 554/49/38 555/46/38 556/50/38
f 557/42/37 558/47/37 559/48/37
f 560/33/38 561/43/38 562/42/38
f 563/46/35 564/43/35 565/33/35
f 566/50/36 567/46/36 568/49/36
f 569/53/34 570/42/34 571/43/34
f 569/53/34 572/59/34 570/42/34
f 573/33/33 574/36/33 575/60/33
f 573/33/33 575/60/33 576/58/33
f 577/42/35 578/48/35 579/36/35
f 580/43/36 581/36/36 582/33/36
f 583/49/37 584/43/37 585/33/37
f 586/31/38 587/46/38 588/49/38
f 589/42/34 590/59/34 591/53/34
f 589/42/34 591/53/34 592/43/34
f 593/60/33 594/36/33 595/33/33
f 593/60/33 595/33/33 596/58/33
f 597/48/35 598/42/35 599/36/35
f 600/33/38 601/42/38 602/43/38
f 603/33/37 604/46/37 605/49/37
f 606/49/36 607/50/36 608/31/36
f 609/42/34 610/53/34 611/43/34
f 609/42/34 612/59/34 610/53/34
f 613/60/33 614/33/33 615/58/33
f 613/60/33 616/36/33 614/33/33
f 617/48/37 618/42/37 619/36/37
f 620/33/36 621/42/36 622/43/36
f 623/49/35 624/43/35 625/46/35
f 626/49/38 627/50/38 628/31/38
f 629/53/34 630/42/34 631/43/34
f 629/53/34 632/59/34 630/42/34
f 633/33/33 634/60/33 635/58/33
f 633/33/33 636/36/33 634/60/33
f 637/42/37 638/48/37 639/36/37
f 640/33/38 641/42/38 642/36/38
f 643/46/35 644/33/35 645/49/35
f 646/50/36 647/49/36 648/31/36
o MiddleMissileTurret1
v 0.130695 0.342261 0.511444
v -0.200397 0.342261 0.374301
v -0.200397 0.342260 -0.287884
v 0.461788 0.342261 0.374301
v 0.130695 0.342261 0.511444
v -0.200397 0.342260 -0.287884
v 0.461788 0.342260 -0.287884
v 0.598931 0.342260 0.043209
v 0.461788 0.342261 0.374301
v 0.130695 0.342260 -0.425027
v 0.461788 0.342260 -0.287884
v 0.461788 0.342261 0.374301
v -0.200397 0.342260 -0.287884
v 0.130695 0.342260 -0.425027
v 0.461788 0.342261 0.374301
v -0.200397 0.973470 -0.287884
v 0.130695 0.973470 -0.425027
v 0.130695 0.342260 -0.425027
v -0.337540 0.973470 0.043209
v -0.200397 0.973470 -0.287884
v -0.200397 0.342260 -0.287884
v 0.130695 0.973470 0.511444
v 0.461788 0.973470 0.374301
v 0.598931 0.973470 0.043209
v -0.337540 0.973470 0.043209
v -0.200397 0.973470 0.374301
v 0.130695 0.973470 0.511444
v 0.130695 0.973470 -0.425027
v -0.200397 0.973470 -0.287884
v -0.337540 0.973470 0.043209
v 0.598931 0.973470 0.043209
v 0.461788 0.973470 -0.287884
v 0.130695 0.973470 -0.425027
v -0.200397 0.973470 0.374301
v -0.337540 0.973470 0.043209
v -0.337540 0.342260 0.043209
v 0.130695 0.973470 0.511444
v -0.200397 0.973470 0.374301
v -0.200397 0.342261 0.374301
v 0.461788 0.973470 0.374301
v 0.130695 0.973470 0.511444
v 0.130695 0.342261 0.511444
v 0.598931 0.973470 0.043209
v 0.461788 0.973470 0.374301
v 0.461788 0.342261 0.374301
v 0.461788 0.973470 -0.287884
v 0.598931 0.973470 0.043209
v 0.598931 0.342260 0.043209
v 0.130695 0.973470 -0.425027
v 0.461788 0.973470 -0.287884
v 0.461788 0.342260 -0.287884
v -0.200397 0.342261 0.374301
v -0.337540 0.342260 0.043209
v -0.200397 0.342260 -0.287884
v -0.200397 0.973470 -0.287884
v 0.130695 0.342260 -0.425027
v -0.200397 0.342260 -0.287884
v -0.337540 0.973470 0.043209
v -0.200397 0.342260 -0.287884
v -0.337540 0.342260 0.043209
v 0.598931 0.973470 0.043209
v 0.130695 0.973470 -0.425027
v -0.337540 0.973470 0.043209
v 0.130695 0.973470 0.511444
v -0.200397 0.973470 0.374301
v -0.337540 0.342260 0.043209
v -0.200397 0.342261 0.374301
v 0.130695 0.973470 0.511444
v -0.200397 0.342261 0.374301
v 0.130695 0.342261 0.511444
v 0.461788 0.973470 0.374301
v 0.130695 0.342261 0.511444
v 0.461788 0.342261 0.374301
v 0.598931 0.973470 0.043209
v 0.461788 0.342261 0.374301
v 0.598931 0.342260 0.043209
v 0.461788 0.973470 -0.287884
v 0.598931 0.342260 0.043209
v 0.461788 0.342260 -0.287884
v 0.130695 0.973470 -0.425027
v 0.461788 0.342260 -0.287884
v 0.130695 0.342260 -0.425027
v 0.625670 0.095494 -0.451766
v 0.830695 0.095494 0.043209
v 0.625670 0.095494 0.538183
v -0.364279 0.492046 -0.451766
v 0.130695 0.492046 -0.656791
v 0.130695 0.095494 -0.656791
v -0.569305 0.492046 0.043209
v -0.364279 0.492046 -0.451766
v -0.364279 0.095494 -0.451766
v 0.130695 0.492046 0.743209
v 0.625670 0.492046 0.538183
v 0.830695 0.492046 0.043209
v -0.569305 0.492046 0.043209
v -0.364279 0.492046 0.538183
v 0.130695 0.492046 0.743209
v 0.130695 0.492046 -0.656791
v -0.364279 0.492046 -0.451766
v -0.569305 0.492046 0.043209
v 0.830695 0.492046 0.043209
v 0.625670 0.492046 -0.451766
v 0.130695 0.492046 -0.656791
v -0.364279 0.492046 0.538183
v -0.569305 0.492046 0.043209
v -0.569305 0.095494 0.043209
v 0.130695 0.492046 0.743209
v -0.364279 0.492046 0.538183
v -0.364279 0.095494 0.538183
v 0.625670 0.492046 0.538183
v 0.130695 0.492046 0.743209
v 0.130695 0.095494 0.743209
v 0.830695 0.492046 0.043209
v 0.625670 0.492046 0.538183
v 0.625670 0.095494 0.538183
v 0.625670 0.492046 -0.451766
v 0.830695 0.492046 0.043209
v 0.830695 0.095494 0.043209
v 0.130695 0.492046 -0.656791
v 0.625670 0.492046 -0.451766
v 0.625670 0.095494 -0.451766
v -0.364279 0.095494 -0.451766
v 0.130695 0.095494 -0.656791
v -0.364279 0.095494 0.538183
v -0.569305 0.095494 0.043209
v 0.130695 0.095494 0.743209
v -0.364279 0.492046 -0.451766
v 0.130695 0.095494 -0.656791
v -0.364279 0.095494 -0.451766
v -0.569305 0.492046 0.043209
v -0.364279 0.095494 -0.451766
v -0.569305 0.095494 0.043209
v 0.830695 0.492046 0.043209
v 0.130695 0.492046 -0.656791
v -0.569305 0.492046 0.043209
v 0.130695 0.492046 0.743209
v -0.364279 0.492046 0.538183
v -0.569305 0.095494 0.043209
v -0.364279 0.095494 0.538183
v 0.130695 0.492046 0.743209
v -0.364279 0.095494 0.538183
v 0.130695 0.095494 0.743209
v 0.625670 0.492046 0.538183
v 0.130695 0.095494 0.743209
v 0.625670 0.095494 0.538183
v 0.830695 0.492046 0.043209
v 0.625670 0.095494 0.538183
v 0.830695 0.095494 0.043209
v 0.625670 0.492046 -0.451766
v 0.830695 0.095494 0.043209
v 0.625670 0.095494 -0.451766
v 0.130695 0.492046 -0.656791
v 0.625670 0.095494 -0.451766
v 0.130695 0.095494 -0.656791
vn -0.0000 -1.0000 -0.0000
vn -0.3827 -0.0000 -0.9239
vn -0.9239 -0.0000 -0.3827
vn -0.0000 1.0000 -0.0000
vn -0.9239 -0.0000 0.3827
vn -0.3827 -0.0000 0.9239
vn 0.3827 -0.0000 0.9239
vn 0.9239 -0.0000 0.3827
vn 0.9239 -0.0000 -0.3827
vn 0.3827 -0.0000 -0.9239
vt 0.750000 0.010000
vt 0.580294 0.080294
vt 0.580294 0.419706
vt 0.919706 0.080294
vt 0.919706 0.419706
vt 0.990000 0.250000
vt 0.750000 0.490000
vt 0.125000 1.000000
vt 0.000000 1.000000
vt 0.000000 0.500000
vt 0.250000 1.000000
vt 0.125000 0.500000
vt 0.250000 0.010000
vt 0.419706 0.080294
vt 0.490000 0.250000
vt 0.010000 0.250000
vt 0.080294 0.080294
vt 0.250000 0.490000
vt 0.080294 0.419706
vt 0.419706 0.419706
vt 0.375000 1.000000
vt 0.250000 0.500000
vt 0.500000 1.000000
vt 0.375000 0.500000
vt 0.625000 1.000000
vt 0.500000 0.500000
vt 0.750000 1.000000
vt 0.625000 0.500000
vt 0.875000 1.000000
vt 0.750000 0.500000
vt 1.000000 1.000000
vt 0.875000 0.500000
vt 0.510000 0.250000
vt 1.000000 0.500000
s 0
usemtl BlackMiddleMissileTurret1
f 649/63/39 650/64/39 651/65/39
f 652/66/39 653/63/39 654/65/39
f 655/67/39 656/68/39 657/66/39
f 658/69/39 659/67/39 660/66/39
f 661/65/39 662/69/39 663/66/39
f 664/70/40 665/71/40 666/72/40
f 667/73/41 668/70/41 669/74/41
f 670/75/42 671/76/42 672/77/42
f 673/78/42 674/79/42 675/75/42
f 676/80/42 677/81/42 678/78/42
f 679/77/42 680/82/42 681/80/42
f 682/83/43 683/73/43 684/84/43
f 685/85/44 686/83/44 687/86/44
f 688/87/45 689/85/45 690/88/45
f 691/89/46 692/87/46 693/90/46
f 694/91/47 695/89/47 696/92/47
f 697/93/48 698/91/48 699/94/48
f 700/64/39 701/95/39 702/65/39
f 703/70/40 704/72/40 705/74/40
f 706/73/41 707/74/41 708/84/41
f 709/77/42 710/80/42 711/78/42
f 711/78/42 712/75/42 709/77/42
f 713/83/43 714/84/43 715/86/43
f 716/85/44 717/86/44 718/88/44
f 719/87/45 720/88/45 721/90/45
f 722/89/46 723/90/46 724/92/46
f 725/91/47 726/92/47 727/94/47
f 728/93/48 729/94/48 730/96/48
usemtl YellowMiddleMissileTurret1
f 731/67/39 732/68/39 733/66/39
f 734/70/40 735/71/40 736/72/40
f 737/73/41 738/70/41 739/74/41
f 740/75/42 741/76/42 742/77/42
f 743/78/42 744/79/42 745/75/42
f 746/80/42 747/81/42 748/78/42
f 749/77/42 750/82/42 751/80/42
f 752/83/43 753/73/43 754/84/43
f 755/85/44 756/83/44 757/86/44
f 758/87/45 759/85/45 760/88/45
f 761/89/46 762/87/46 763/90/46
f 764/91/47 765/89/47 766/92/47
f 767/93/48 768/91/48 769/94/48
f 770/65/39 771/69/39 731/67/39
f 770/65/39 731/67/39 733/66/39
f 772/64/39 773/95/39 770/65/39
f 733/66/39 774/63/39 772/64/39
f 733/66/39 772/64/39 770/65/39
f 775/70/40 776/72/40 777/74/40
f 778/73/41 779/74/41 780/84/41
f 781/77/42 782/80/42 783/78/42
f 783/78/42 784/75/42 781/77/42
f 785/83/43 786/84/43 787/86/43
f 788/85/44 789/86/44 790/88/44
f 791/87/45 792/88/45 793/90/45
f 794/89/46 795/90/46 796/92/46
f 797/91/47 798/92/47 799/94/47
f 800/93/48 801/94/48 802/96/48
o GunsMissileTurret1
v -1.623688 1.624208 -1.275610
v -1.594890 1.654935 -1.262025
v -1.404863 1.654935 -1.262025
v -1.376065 1.624208 -1.275610
v -1.404863 1.654935 -1.262025
v -1.404863 2.740589 0.279854
v -1.623688 2.743021 0.313362
v -1.376065 2.743021 0.313362
v -1.404863 2.740589 0.279854
v -1.623688 2.743021 0.313362
v -1.594890 2.740589 0.279854
v -1.594890 1.654935 -1.262025
v -1.376065 1.624208 -1.275610
v -1.347268 1.654935 -1.262025
v -1.157241 1.654935 -1.262025
v -1.128443 1.624208 -1.275610
v -1.157241 1.654935 -1.262025
v -1.157241 2.740589 0.279854
v -1.128443 2.743021 0.313362
v -1.157241 2.740589 0.279854
v -1.347268 2.740589 0.279854
v -1.376065 2.743021 0.313362
v -1.347268 2.740589 0.279854
v -1.347268 1.654935 -1.262025
v -0.813767 1.624208 -1.275610
v -1.061389 1.624208 -1.275610
v -1.032591 1.654935 -1.262025
v -0.813767 1.624208 -1.275610
v -0.842565 1.654935 -1.262025
v -0.842565 2.740589 0.279854
v -0.813767 2.743021 0.313362
v -0.842565 2.740589 0.279854
v -1.032591 2.740589 0.279854
v -1.061389 2.743021 0.313362
v -1.032591 2.740589 0.279854
v -1.032591 1.654935 -1.262025
v -0.813767 1.624208 -1.275610
v -0.784969 1.654935 -1.262025
v -0.594943 1.654935 -1.262025
v -0.566145 1.624208 -1.275610
v -0.594943 1.654935 -1.262025
v -0.594943 2.740589 0.279854
v -0.813767 2.743021 0.313362
v -0.566145 2.743021 0.313362
v -0.594943 2.740589 0.279854
v -0.813767 1.624208 -1.275610
v -0.813767 2.743021 0.313362
v -0.784969 2.740589 0.279854
v 1.885074 1.624208 -1.275610
v 1.856276 1.654935 -1.262025
v 1.856276 2.740589 0.279854
v 1.637452 2.743021 0.313362
v 1.885074 2.743021 0.313362
v 1.856276 2.740589 0.279854
v 1.637452 2.743021 0.313362
v 1.666250 2.740589 0.279854
v 1.666250 1.654935 -1.262025
v 1.637452 1.624208 -1.275610
v 1.666250 1.654935 -1.262025
v 1.856276 1.654935 -1.262025
v 1.637452 1.624208 -1.275610
v 1.608654 1.654935 -1.262025
v 1.608654 2.740589 0.279854
v 1.637452 2.743021 0.313362
v 1.608654 2.740589 0.279854
v 1.418628 2.740589 0.279854
v 1.389830 2.743021 0.313362
v 1.418628 2.740589 0.279854
v 1.418628 1.654935 -1.262025
v 1.637452 1.624208 -1.275610
v 1.389830 1.624208 -1.275610
v 1.418628 1.654935 -1.262025
v 1.322776 1.624208 -1.275610
v 1.293978 1.654935 -1.262025
v 1.293978 2.740589 0.279854
v 1.322776 2.743021 0.313362
v 1.293978 2.740589 0.279854
v 1.103951 2.740589 0.279854
v 1.075153 2.743021 0.313362
v 1.103951 2.740589 0.279854
v 1.103951 1.654935 -1.262025
v 1.322776 1.624208 -1.275610
v 1.075153 1.624208 -1.275610
v 1.103951 1.654935 -1.262025
v 1.075153 2.743021 0.313362
v 1.075153 1.624208 -1.275610
v 1.046355 1.654935 -1.262025
v 1.075153 2.743021 0.313362
v 1.046355 2.740589 0.279854
v 0.856329 2.740589 0.279854
v 0.827531 2.743021 0.313362
v 0.856329 2.740589 0.279854
v 0.856329 1.654935 -1.262025
v 1.075153 1.624208 -1.275610
v 0.827531 1.624208 -1.275610
v 0.856329 1.654935 -1.262025
v -1.654431 1.599071 -1.257910
v -1.654431 1.396603 -1.115350
v -1.667973 1.444459 -1.107041
v -1.654431 2.717884 0.331062
v -1.654431 1.599071 -1.257910
v -1.667973 1.590761 -1.210055
v -1.654431 2.717884 0.331062
v -1.667973 2.673020 0.327002
v -1.667973 2.543696 0.454129
v -1.654431 1.396603 -1.115350
v -1.654431 2.538913 0.506992
v -1.667973 2.543696 0.454129
v -1.654431 1.194134 -0.972790
v -1.667973 1.241990 -0.964481
v -1.667973 1.388293 -1.067494
v -1.654431 1.396603 -1.115350
v -1.667973 1.388293 -1.067494
v -1.667973 2.491056 0.498683
v -1.654431 2.336444 0.649553
v -1.654431 2.538913 0.506992
v -1.667973 2.491056 0.498683
v -1.654431 1.194134 -0.972790
v -1.654431 2.336444 0.649553
v -1.667973 2.344754 0.601696
v -1.654431 0.938682 -0.792923
v -1.667973 0.986538 -0.784614
v -1.667973 1.132841 -0.887627
v -1.654431 2.335369 0.760582
v -1.654431 1.141150 -0.935483
v -1.667973 1.132841 -0.887627
v -1.654431 2.335369 0.760582
v -1.667973 2.290505 0.756522
v -1.667973 2.161181 0.883649
v -1.654431 0.938682 -0.792923
v -1.654431 2.156397 0.936513
v -1.667973 2.161181 0.883649
v -1.654431 0.938682 -0.792923
v -1.654431 0.736214 -0.650363
v -1.667973 0.784070 -0.642053
v -1.654431 0.938682 -0.792923
v -1.667973 0.930372 -0.745067
v -1.667973 2.108541 0.928203
v -1.654431 2.156397 0.936513
v -1.667973 2.108541 0.928203
v -1.667973 1.962239 1.031217
v -1.654431 0.736214 -0.650363
v -1.654431 1.953929 1.079073
v -1.667973 1.962239 1.031217
v 1.915817 1.396603 -1.115350
v 1.931787 1.444459 -1.107041
v 1.931787 2.543696 0.454129
v 1.915817 2.717884 0.331062
v 1.915817 2.538913 0.506992
v 1.931787 2.543696 0.454129
v 1.915817 2.717884 0.331062
v 1.931787 2.673020 0.327002
v 1.931787 1.590761 -1.210055
v 1.915817 1.599071 -1.257910
v 1.931787 1.590761 -1.210055
v 1.931787 1.444459 -1.107041
v 1.915817 2.336444 0.649553
v 1.931787 2.344754 0.601696
v 1.931787 2.491056 0.498683
v 1.915817 2.538913 0.506992
v 1.931787 2.491056 0.498683
v 1.931787 1.388293 -1.067494
v 1.915817 1.396603 -1.115350
v 1.931787 1.388293 -1.067494
v 1.931787 1.241990 -0.964481
v 1.915817 0.938682 -0.792923
v 1.931787 0.986538 -0.784614
v 1.931787 2.161181 0.883649
v 1.915817 2.335369 0.760582
v 1.915817 2.156397 0.936513
v 1.931787 2.161181 0.883649
v 1.915817 2.335369 0.760582
v 1.931787 2.290505 0.756522
v 1.931787 1.132841 -0.887627
v 1.915817 0.938682 -0.792923
v 1.915817 1.141150 -0.935483
v 1.931787 1.132841 -0.887627
v 1.915817 1.953929 1.079073
v 1.915817 0.736214 -0.650363
v 1.931787 0.784070 -0.642053
v 1.915817 2.156397 0.936513
v 1.915817 1.953929 1.079073
v 1.931787 1.962239 1.031217
v 1.915817 0.938682 -0.792923
v 1.915817 2.156397 0.936513
v 1.931787 2.108541 0.928203
v 1.915817 0.938682 -0.792923
v 1.931787 0.930372 -0.745067
v 1.931787 0.784070 -0.642053
v -0.107520 1.745556 -0.067630
v -0.107520 1.686965 0.269811
v -0.107520 1.349523 0.211220
v -0.107520 1.745556 -0.067630
v -0.107520 1.408114 -0.126221
v -0.558152 1.408114 -0.126221
v -0.107520 1.745556 -0.067630
v -0.558152 1.745556 -0.067631
v -0.558152 1.686965 0.269811
v -0.558152 1.686965 0.269811
v -0.558152 1.745556 -0.067631
v -0.558152 1.408114 -0.126221
v -0.107520 1.349523 0.211220
v -0.107520 1.686965 0.269811
v -0.558152 1.686965 0.269811
v -0.107520 1.349523 0.211220
v -0.558153 1.349523 0.211220
v -0.558152 1.408114 -0.126221
v 0.819539 1.745556 -0.067630
v 0.819539 1.408114 -0.126221
v 0.368906 1.408114 -0.126221
v 0.819539 1.686965 0.269811
v 0.819539 1.745556 -0.067630
v 0.368906 1.745556 -0.067630
v 0.819539 1.408114 -0.126221
v 0.819539 1.745556 -0.067630
v 0.819539 1.686965 0.269811
v 0.368906 1.349523 0.211220
v 0.819539 1.349523 0.211220
v 0.819539 1.686965 0.269811
v 0.819539 1.408114 -0.126221
v 0.819539 1.349523 0.211220
v 0.368906 1.349523 0.211220
v -1.654431 1.599071 -1.257910
v -1.654431 2.717884 0.331062
v -1.623688 2.743021 0.313362
v -1.654431 2.336444 0.649553
v -1.654431 1.194134 -0.972790
v -1.623688 1.168997 -0.955091
v -1.097700 2.717884 0.331062
v -1.097700 1.599071 -1.257910
v -1.128443 1.624208 -1.275610
v -1.097700 1.194134 -0.972790
v -1.097700 2.336444 0.649553
v -1.128443 2.311307 0.667252
v -1.130334 2.716339 0.332150
v -1.130334 2.565596 0.488205
v -1.097700 2.717884 0.331062
v -1.097700 2.717884 0.331062
v -1.119439 2.725247 0.325877
v -1.130334 2.716339 0.332150
v -1.621797 2.512230 0.525780
v -1.408699 2.512230 0.525780
v -1.376065 2.538913 0.506992
v -1.376065 2.743021 0.313362
v -1.408699 2.716339 0.332150
v -1.408699 2.565596 0.488205
v -1.623688 1.168997 -0.955091
v -1.654431 1.194134 -0.972790
v -1.376065 1.396603 -1.115350
v -1.128443 1.168997 -0.955091
v -1.376065 1.168997 -0.955091
v -1.343432 2.565596 0.488205
v -1.343432 2.716339 0.332150
v -1.376065 2.743021 0.313362
v -1.130334 2.512230 0.525780
v -1.130334 2.337990 0.648464
v -1.097700 2.336444 0.649553
v -1.654431 2.336444 0.649553
v -1.632692 2.329082 0.654737
v -1.621797 2.337990 0.648464
v -1.376065 1.624208 -1.275610
v -1.623688 1.624208 -1.275610
v -1.097700 1.599071 -1.257910
v -1.097700 1.396603 -1.115350
v -1.621797 2.716339 0.332150
v -1.408699 2.716339 0.332150
v -1.623688 2.743021 0.313362
v -1.623688 2.743021 0.313362
v -1.632692 2.725247 0.325877
v -1.621797 2.716339 0.332150
v -1.343432 2.716339 0.332150
v -1.130334 2.716339 0.332150
v -1.128443 2.743021 0.313362
v -1.128443 2.743021 0.313362
v -1.376065 2.743021 0.313362
v -1.343432 2.716339 0.332150
v -1.408699 2.337990 0.648464
v -1.621797 2.337990 0.648464
v -1.623688 2.311307 0.667252
v -1.623688 2.311307 0.667252
v -1.376065 2.311307 0.667252
v -1.408699 2.337990 0.648464
v -1.621797 2.565596 0.488205
v -1.621797 2.716339 0.332150
v -1.654431 2.717884 0.331062
v -1.654431 2.717884 0.331062
v -1.654431 2.538913 0.506992
v -1.621797 2.565596 0.488205
v -1.654431 1.141150 -0.935483
v -1.654431 2.335369 0.760582
v -1.623688 2.360506 0.742882
v -1.654431 1.953929 1.079073
v -1.654431 0.736214 -0.650363
v -1.623688 0.711076 -0.632663
v -1.097700 2.335369 0.760582
v -1.097700 1.141150 -0.935483
v -1.128443 1.166287 -0.953183
v -1.097700 0.736214 -0.650363
v -1.097700 1.953929 1.079073
v -1.128443 1.928792 1.096773
v -1.130334 2.333823 0.761670
v -1.130334 2.183080 0.917725
v -1.097700 2.335369 0.760582
v -1.343432 2.129714 0.955301
v -1.130334 2.129714 0.955301
v -1.097700 2.156397 0.936513
v -1.621797 2.129714 0.955301
v -1.408699 2.129714 0.955301
v -1.376065 2.156397 0.936513
v -1.376065 2.156397 0.936513
v -1.408699 2.183080 0.917725
v -1.621797 2.183080 0.917725
v -1.408699 2.333823 0.761670
v -1.408699 2.183080 0.917725
v -1.376065 2.156397 0.936513
v -1.623688 0.711076 -0.632663
v -1.654431 0.736214 -0.650363
v -1.376065 0.938682 -0.792923
v -1.130334 2.183080 0.917725
v -1.343432 2.183080 0.917725
v -1.376065 2.156397 0.936513
v -1.128443 0.711076 -0.632663
v -1.376065 0.711076 -0.632663
v -1.343432 2.183080 0.917725
v -1.343432 2.333823 0.761670
v -1.376065 2.360506 0.742882
v -1.130334 2.129714 0.955301
v -1.130334 1.955475 1.077985
v -1.097700 1.953929 1.079073
v -1.621797 1.955475 1.077985
v -1.621797 2.129714 0.955301
v -1.654431 1.953929 1.079073
v -1.376065 1.166287 -0.953183
v -1.623688 1.166287 -0.953183
v -1.097700 1.141150 -0.935483
v -1.097700 0.938682 -0.792923
v -1.621797 2.333823 0.761670
v -1.408699 2.333823 0.761670
v -1.623688 2.360506 0.742882
v -1.623688 2.360506 0.742882
v -1.632692 2.342731 0.755398
v -1.621797 2.333823 0.761670
v -1.343432 2.333823 0.761670
v -1.130334 2.333823 0.761670
v -1.128443 2.360506 0.742882
v -1.128443 2.360506 0.742882
v -1.376065 2.360506 0.742882
v -1.343432 2.333823 0.761670
v -1.408699 1.955475 1.077985
v -1.621797 1.955475 1.077985
v -1.623688 1.928792 1.096773
v -1.623688 1.928792 1.096773
v -1.376065 1.928792 1.096773
v -1.408699 1.955475 1.077985
v -1.621797 2.183080 0.917725
v -1.621797 2.333823 0.761670
v -1.654431 2.335369 0.760582
v -1.654431 2.335369 0.760582
v -1.654431 2.156397 0.936513
v -1.621797 2.183080 0.917725
v -1.092133 1.599071 -1.257910
v -1.092133 2.717884 0.331062
v -1.061389 2.743021 0.313362
v -1.092133 2.336444 0.649553
v -1.092133 1.194134 -0.972790
v -1.061389 1.168997 -0.955091
v -0.535401 2.717884 0.331062
v -0.535401 1.599071 -1.257910
v -0.566145 1.624208 -1.275610
v -0.535401 1.194134 -0.972790
v -0.535401 2.336444 0.649553
v -0.566145 2.311307 0.667252
v -0.568035 2.716339 0.332150
v -0.568035 2.565596 0.488205
v -0.535401 2.717884 0.331062
v -0.535401 2.717884 0.331062
v -0.557140 2.725247 0.325877
v -0.568035 2.716339 0.332150
v -0.781133 2.512230 0.525780
v -0.568035 2.512230 0.525780
v -0.535401 2.538913 0.506992
v -1.092133 2.538913 0.506992
v -1.059499 2.512230 0.525780
v -0.846401 2.512230 0.525780
v -0.846401 2.565596 0.488205
v -1.059499 2.565596 0.488205
v -1.092133 2.538913 0.506992
v -0.846401 2.716339 0.332150
v -0.846401 2.565596 0.488205
v -0.813767 2.538913 0.506992
v -1.061389 1.168997 -0.955091
v -1.092133 1.194134 -0.972790
v -0.813767 1.396603 -1.115350
v -0.566145 1.168997 -0.955091
v -0.813767 1.168997 -0.955091
v -0.781133 2.565596 0.488205
v -0.781133 2.716339 0.332150
v -0.813767 2.743021 0.313362
v -0.568035 2.512230 0.525780
v -0.568035 2.337990 0.648464
v -0.535401 2.336444 0.649553
v -1.092133 2.336444 0.649553
v -1.070394 2.329082 0.654737
v -1.059499 2.337990 0.648464
v -0.813767 1.624208 -1.275610
v -1.061389 1.624208 -1.275610
v -0.535401 1.599071 -1.257910
v -0.535401 1.396603 -1.115350
v -0.566145 2.311307 0.667252
v -0.557140 2.329082 0.654737
v -0.568035 2.337990 0.648464
v -1.059499 2.716339 0.332150
v -0.846401 2.716339 0.332150
v -1.061389 2.743021 0.313362
v -0.781133 2.716339 0.332150
v -0.568035 2.716339 0.332150
v -0.566145 2.743021 0.313362
v -0.566145 2.743021 0.313362
v -0.813767 2.743021 0.313362
v -0.781133 2.716339 0.332150
v -0.846401 2.337990 0.648464
v -1.059499 2.337990 0.648464
v -1.061389 2.311307 0.667252
v -1.059499 2.565596 0.488205
v -1.059499 2.716339 0.332150
v -1.092133 2.717884 0.331062
v -1.092133 2.717884 0.331062
v -1.092133 2.538913 0.506992
v -1.059499 2.565596 0.488205
v -1.092133 1.141150 -0.935483
v -1.092133 2.335369 0.760582
v -1.061389 2.360506 0.742882
v -1.092133 1.953929 1.079073
v -1.092133 0.736214 -0.650363
v -1.061389 0.711076 -0.632663
v -0.535401 2.335369 0.760582
v -0.535401 1.141150 -0.935483
v -0.566145 1.166287 -0.953183
v -0.535401 0.736214 -0.650363
v -0.535401 1.953929 1.079073
v -0.566145 1.928792 1.096773
v -0.568035 2.333823 0.761670
v -0.568035 2.183080 0.917725
v -0.535401 2.335369 0.760582
v -0.535401 2.335369 0.760582
v -0.557140 2.342731 0.755398
v -0.568035 2.333823 0.761670
v -0.781133 2.129714 0.955301
v -0.568035 2.129714 0.955301
v -0.535401 2.156397 0.936513
v -0.846401 2.183080 0.917725
v -1.059499 2.183080 0.917725
v -1.092133 2.156397 0.936513
v -0.813767 2.360506 0.742882
v -0.846401 2.333823 0.761670
v -0.846401 2.183080 0.917725
v -1.061389 0.711076 -0.632663
v -1.092133 0.736214 -0.650363
v -0.813767 0.938682 -0.792923
v -0.535401 2.156397 0.936513
v -0.568035 2.183080 0.917725
v -0.781133 2.183080 0.917725
v -0.566145 0.711076 -0.632663
v -0.813767 0.711076 -0.632663
v -0.781133 2.183080 0.917725
v -0.781133 2.333823 0.761670
v -0.813767 2.360506 0.742882
v -0.568035 2.129714 0.955301
v -0.568035 1.955475 1.077985
v -0.535401 1.953929 1.079073
v -0.535401 2.156397 0.936513
v -1.059499 1.955475 1.077985
v -1.059499 2.129714 0.955301
v -1.092133 1.953929 1.079073
v -1.092133 1.953929 1.079073
v -1.070394 1.946567 1.084257
v -1.059499 1.955475 1.077985
v -0.813767 1.166287 -0.953183
v -1.061389 1.166287 -0.953183
v -0.535401 1.141150 -0.935483
v -0.535401 0.938682 -0.792923
v -0.568035 1.955475 1.077985
v -0.781133 1.955475 1.077985
v -0.566145 1.928792 1.096773
v -0.566145 1.928792 1.096773
v -0.557140 1.946567 1.084257
v -0.568035 1.955475 1.077985
v -1.059499 2.333823 0.761670
v -0.846401 2.333823 0.761670
v -1.061389 2.360506 0.742882
v -1.061389 2.360506 0.742882
v -1.070394 2.342731 0.755398
v -1.059499 2.333823 0.761670
v -0.781133 2.333823 0.761670
v -0.568035 2.333823 0.761670
v -0.566145 2.360506 0.742882
v -0.566145 2.360506 0.742882
v -0.813767 2.360506 0.742882
v -0.781133 2.333823 0.761670
v -0.846401 1.955475 1.077985
v -1.059499 1.955475 1.077985
v -1.061389 1.928792 1.096773
v -1.061389 1.928792 1.096773
v -0.813767 1.928792 1.096773
v -0.846401 1.955475 1.077985
v -1.059499 2.183080 0.917725
v -1.059499 2.333823 0.761670
v -1.092133 2.335369 0.760582
v -1.092133 2.335369 0.760582
v -1.092133 2.156397 0.936513
v -1.059499 2.183080 0.917725
v 1.885074 2.743021 0.313362
v 1.915817 2.717884 0.331062
v 1.915817 1.599071 -1.257910
v 1.885074 1.168997 -0.955091
v 1.915817 1.194134 -0.972790
v 1.915817 2.336444 0.649553
v 1.389830 1.624208 -1.275610
v 1.359086 1.599071 -1.257910
v 1.359086 2.717884 0.331062
v 1.389830 2.311307 0.667252
v 1.359086 2.336444 0.649553
v 1.359086 1.194134 -0.972790
v 1.359086 2.717884 0.331062
v 1.359086 2.538913 0.506992
v 1.391720 2.565596 0.488205
v 1.637452 2.538913 0.506992
v 1.670086 2.565596 0.488205
v 1.670086 2.716339 0.332150
v 1.885074 1.168997 -0.955091
v 1.637452 1.168997 -0.955091
v 1.637452 1.396603 -1.115350
v 1.389830 1.168997 -0.955091
v 1.359086 1.194134 -0.972790
v 1.637452 2.743021 0.313362
v 1.604818 2.716339 0.332150
v 1.604818 2.565596 0.488205
v 1.359086 2.336444 0.649553
v 1.380825 2.329082 0.654737
v 1.391720 2.337990 0.648464
v 1.915817 1.396603 -1.115350
v 1.915817 1.599071 -1.257910
v 1.359086 1.599071 -1.257910
v 1.389830 1.624208 -1.275610
v 1.389830 2.311307 0.667252
v 1.637452 2.311307 0.667252
v 1.604818 2.337990 0.648464
v 1.885074 2.743021 0.313362
v 1.637452 2.743021 0.313362
v 1.670086 2.716339 0.332150
v 1.391720 2.716339 0.332150
v 1.380825 2.725247 0.325877
v 1.359086 2.717884 0.331062
v 1.389830 2.743021 0.313362
v 1.604818 2.716339 0.332150
v 1.637452 2.743021 0.313362
v 1.389830 2.743021 0.313362
v 1.883184 2.716339 0.332150
v 1.894079 2.725247 0.325877
v 1.885074 2.743021 0.313362
v 1.915817 2.717884 0.331062
v 1.883184 2.565596 0.488205
v 1.915817 2.538913 0.506992
v 1.915817 2.717884 0.331062
v 1.885074 2.360506 0.742882
v 1.915817 2.335369 0.760582
v 1.915817 1.141150 -0.935483
v 1.885074 0.711076 -0.632663
v 1.915817 0.736214 -0.650363
v 1.915817 1.953929 1.079073
v 1.389830 1.166287 -0.953183
v 1.359086 1.141150 -0.935483
v 1.359086 2.335369 0.760582
v 1.389830 1.928792 1.096773
v 1.359086 1.953929 1.079073
v 1.359086 0.736214 -0.650363
v 1.359086 2.335369 0.760582
v 1.359086 2.156397 0.936513
v 1.391720 2.183080 0.917725
v 1.391720 2.333823 0.761670
v 1.380825 2.342731 0.755398
v 1.359086 2.335369 0.760582
v 1.637452 2.156397 0.936513
v 1.359086 2.156397 0.936513
v 1.391720 2.129714 0.955301
v 1.637452 2.156397 0.936513
v 1.670086 2.183080 0.917725
v 1.670086 2.333823 0.761670
v 1.885074 0.711076 -0.632663
v 1.637452 0.711076 -0.632663
v 1.637452 0.938682 -0.792923
v 1.637452 2.156397 0.936513
v 1.604818 2.183080 0.917725
v 1.391720 2.183080 0.917725
v 1.389830 0.711076 -0.632663
v 1.359086 0.736214 -0.650363
v 1.637452 2.156397 0.936513
v 1.637452 2.360506 0.742882
v 1.604818 2.333823 0.761670
v 1.915817 0.938682 -0.792923
v 1.915817 1.141150 -0.935483
v 1.915817 2.156397 0.936513
v 1.883184 2.183080 0.917725
v 1.670086 2.183080 0.917725
v 1.359086 1.141150 -0.935483
v 1.389830 1.166287 -0.953183
v 1.389830 1.928792 1.096773
v 1.637452 1.928792 1.096773
v 1.604818 1.955475 1.077985
v 1.391720 1.955475 1.077985
v 1.380825 1.946567 1.084257
v 1.389830 1.928792 1.096773
v 1.885074 2.360506 0.742882
v 1.637452 2.360506 0.742882
v 1.670086 2.333823 0.761670
v 1.883184 2.333823 0.761670
v 1.894079 2.342731 0.755398
v 1.885074 2.360506 0.742882
v 1.389830 2.360506 0.742882
v 1.380825 2.342731 0.755398
v 1.391720 2.333823 0.761670
v 1.915817 2.335369 0.760582
v 1.894079 2.342731 0.755398
v 1.883184 2.333823 0.761670
v 1.883184 2.183080 0.917725
v 1.915817 2.156397 0.936513
v 1.915817 2.335369 0.760582
v 1.322776 2.743021 0.313362
v 1.353519 2.717884 0.331062
v 1.353519 1.599071 -1.257910
v 1.322776 1.168997 -0.955091
v 1.353519 1.194134 -0.972790
v 1.353519 2.336444 0.649553
v 0.827531 1.624208 -1.275610
v 0.796788 1.599071 -1.257910
v 0.796788 2.717884 0.331062
v 0.827531 2.311307 0.667252
v 0.796788 2.336444 0.649553
v 0.796788 1.194134 -0.972790
v 0.796788 2.717884 0.331062
v 0.796788 2.538913 0.506992
v 0.829421 2.565596 0.488205
v 1.075153 2.538913 0.506992
v 0.796788 2.538913 0.506992
v 0.829421 2.512230 0.525780
v 1.075153 2.538913 0.506992
v 1.107787 2.565596 0.488205
v 1.107787 2.716339 0.332150
v 1.322776 1.168997 -0.955091
v 1.075153 1.168997 -0.955091
v 1.075153 1.396603 -1.115350
v 0.827531 1.168997 -0.955091
v 0.796788 1.194134 -0.972790
v 1.075153 2.743021 0.313362
v 1.042520 2.716339 0.332150
v 1.042520 2.565596 0.488205
v 0.796788 2.336444 0.649553
v 0.818527 2.329082 0.654737
v 0.829421 2.337990 0.648464
v 1.353519 1.396603 -1.115350
v 1.353519 1.599071 -1.257910
v 1.353519 2.538913 0.506992
v 1.320885 2.565596 0.488205
v 1.107787 2.565596 0.488205
v 1.320885 2.337990 0.648464
v 1.331780 2.329082 0.654737
v 1.353519 2.336444 0.649553
v 0.796788 1.599071 -1.257910
v 0.827531 1.624208 -1.275610
v 0.827531 2.311307 0.667252
v 1.075153 2.311307 0.667252
v 1.042520 2.337990 0.648464
v 1.322776 2.743021 0.313362
v 1.075153 2.743021 0.313362
v 1.107787 2.716339 0.332150
v 0.829421 2.716339 0.332150
v 0.818527 2.725247 0.325877
v 0.796788 2.717884 0.331062
v 0.827531 2.743021 0.313362
v 1.042520 2.716339 0.332150
v 1.075153 2.743021 0.313362
v 1.322776 2.311307 0.667252
v 1.331780 2.329082 0.654737
v 1.320885 2.337990 0.648464
v 1.107787 2.337990 0.648464
v 1.075153 2.311307 0.667252
v 1.322776 2.311307 0.667252
v 1.353519 2.717884 0.331062
v 1.331780 2.725247 0.325877
v 1.320885 2.716339 0.332150
v 1.320885 2.565596 0.488205
v 1.353519 2.538913 0.506992
v 1.353519 2.717884 0.331062
v 1.322776 2.360506 0.742882
v 1.353519 2.335369 0.760582
v 1.353519 1.141150 -0.935483
v 1.322776 0.711076 -0.632663
v 1.353519 0.736214 -0.650363
v 1.353519 1.953929 1.079073
v 0.827531 1.166287 -0.953183
v 0.796788 1.141150 -0.935483
v 0.796788 2.335369 0.760582
v 0.827531 1.928792 1.096773
v 0.796788 1.953929 1.079073
v 0.796788 0.736214 -0.650363
v 0.796788 2.335369 0.760582
v 0.796788 2.156397 0.936513
v 0.829421 2.183080 0.917725
v 0.829421 2.333823 0.761670
v 0.818527 2.342731 0.755398
v 0.796788 2.335369 0.760582
v 1.075153 2.156397 0.936513
v 0.796788 2.156397 0.936513
v 0.829421 2.129714 0.955301
v 1.075153 2.156397 0.936513
v 1.107787 2.183080 0.917725
v 1.107787 2.333823 0.761670
v 1.322776 0.711076 -0.632663
v 1.075153 0.711076 -0.632663
v 1.075153 0.938682 -0.792923
v 0.827531 0.711076 -0.632663
v 0.796788 0.736214 -0.650363
v 1.075153 2.360506 0.742882
v 1.042520 2.333823 0.761670
v 1.042520 2.183080 0.917725
v 0.796788 1.953929 1.079073
v 0.818527 1.946567 1.084257
v 0.829421 1.955475 1.077985
v 1.353519 0.938682 -0.792923
v 1.353519 1.141150 -0.935483
v 1.353519 2.156397 0.936513
v 1.320885 2.183080 0.917725
v 1.107787 2.183080 0.917725
v 1.320885 1.955475 1.077985
v 1.331780 1.946567 1.084257
v 1.353519 1.953929 1.079073
v 0.796788 1.141150 -0.935483
v 0.827531 1.166287 -0.953183
v 0.827531 1.928792 1.096773
v 1.075153 1.928792 1.096773
v 1.042520 1.955475 1.077985
v 0.829421 1.955475 1.077985
v 0.818527 1.946567 1.084257
v 0.827531 1.928792 1.096773
v 1.322776 2.360506 0.742882
v 1.075153 2.360506 0.742882
v 1.107787 2.333823 0.761670
v 1.320885 2.333823 0.761670
v 1.331780 2.342731 0.755398
v 1.322776 2.360506 0.742882
v 0.827531 2.360506 0.742882
v 0.818527 2.342731 0.755398
v 0.829421 2.333823 0.761670
v 1.042520 2.333823 0.761670
v 1.075153 2.360506 0.742882
v 1.322776 1.928792 1.096773
v 1.331780 1.946567 1.084257
v 1.320885 1.955475 1.077985
v 1.353519 2.335369 0.760582
v 1.331780 2.342731 0.755398
v 1.320885 2.333823 0.761670
v 1.320885 2.183080 0.917725
v 1.353519 2.156397 0.936513
v 1.353519 2.335369 0.760582
v -1.623688 1.624208 -1.275610
v -1.404863 1.654935 -1.262025
v -1.376065 1.624208 -1.275610
v -1.376065 1.624208 -1.275610
v -1.404863 2.740589 0.279854
v -1.376065 2.743021 0.313362
v -1.623688 2.743021 0.313362
v -1.404863 2.740589 0.279854
v -1.594890 2.740589 0.279854
v -1.623688 2.743021 0.313362
v -1.594890 1.654935 -1.262025
v -1.623688 1.624208 -1.275610
v -1.376065 1.624208 -1.275610
v -1.157241 1.654935 -1.262025
v -1.128443 1.624208 -1.275610
v -1.128443 1.624208 -1.275610
v -1.157241 2.740589 0.279854
v -1.128443 2.743021 0.313362
v -1.128443 2.743021 0.313362
v -1.347268 2.740589 0.279854
v -1.376065 2.743021 0.313362
v -1.376065 2.743021 0.313362
v -1.347268 1.654935 -1.262025
v -1.376065 1.624208 -1.275610
v -0.813767 1.624208 -1.275610
v -1.032591 1.654935 -1.262025
v -0.842565 1.654935 -1.262025
v -0.813767 1.624208 -1.275610
v -0.842565 2.740589 0.279854
v -0.813767 2.743021 0.313362
v -0.813767 2.743021 0.313362
v -1.032591 2.740589 0.279854
v -1.061389 2.743021 0.313362
v -1.061389 2.743021 0.313362
v -1.032591 1.654935 -1.262025
v -1.061389 1.624208 -1.275610
v -0.813767 1.624208 -1.275610
v -0.594943 1.654935 -1.262025
v -0.566145 1.624208 -1.275610
v -0.566145 1.624208 -1.275610
v -0.594943 2.740589 0.279854
v -0.566145 2.743021 0.313362
v -0.813767 2.743021 0.313362
v -0.594943 2.740589 0.279854
v -0.784969 2.740589 0.279854
v -0.813767 1.624208 -1.275610
v -0.784969 2.740589 0.279854
v -0.784969 1.654935 -1.262025
v 1.885074 1.624208 -1.275610
v 1.856276 2.740589 0.279854
v 1.885074 2.743021 0.313362
v 1.637452 2.743021 0.313362
v 1.856276 2.740589 0.279854
v 1.666250 2.740589 0.279854
v 1.637452 2.743021 0.313362
v 1.666250 1.654935 -1.262025
v 1.637452 1.624208 -1.275610
v 1.637452 1.624208 -1.275610
v 1.856276 1.654935 -1.262025
v 1.885074 1.624208 -1.275610
v 1.637452 1.624208 -1.275610
v 1.608654 2.740589 0.279854
v 1.637452 2.743021 0.313362
v 1.637452 2.743021 0.313362
v 1.418628 2.740589 0.279854
v 1.389830 2.743021 0.313362
v 1.389830 2.743021 0.313362
v 1.418628 1.654935 -1.262025
v 1.389830 1.624208 -1.275610
v 1.637452 1.624208 -1.275610
v 1.418628 1.654935 -1.262025
v 1.608654 1.654935 -1.262025
v 1.322776 1.624208 -1.275610
v 1.293978 2.740589 0.279854
v 1.322776 2.743021 0.313362
v 1.322776 2.743021 0.313362
v 1.103951 2.740589 0.279854
v 1.075153 2.743021 0.313362
v 1.075153 2.743021 0.313362
v 1.103951 1.654935 -1.262025
v 1.075153 1.624208 -1.275610
v 1.322776 1.624208 -1.275610
v 1.103951 1.654935 -1.262025
v 1.293978 1.654935 -1.262025
v 1.075153 2.743021 0.313362
v 1.046355 1.654935 -1.262025
v 1.046355 2.740589 0.279854
v 1.075153 2.743021 0.313362
v 0.856329 2.740589 0.279854
v 0.827531 2.743021 0.313362
v 0.827531 2.743021 0.313362
v 0.856329 1.654935 -1.262025
v 0.827531 1.624208 -1.275610
v 1.075153 1.624208 -1.275610
v 0.856329 1.654935 -1.262025
v 1.046355 1.654935 -1.262025
v -1.654431 1.599071 -1.257910
v -1.667973 1.444459 -1.107041
v -1.667973 1.590761 -1.210055
v -1.654431 2.717884 0.331062
v -1.667973 1.590761 -1.210055
v -1.667973 2.673020 0.327002
v -1.654431 2.717884 0.331062
v -1.667973 2.543696 0.454129
v -1.654431 2.538913 0.506992
v -1.654431 1.396603 -1.115350
v -1.667973 2.543696 0.454129
v -1.667973 1.444459 -1.107041
v -1.654431 1.194134 -0.972790
v -1.667973 1.388293 -1.067494
v -1.654431 1.396603 -1.115350
v -1.654431 1.396603 -1.115350
v -1.667973 2.491056 0.498683
v -1.654431 2.538913 0.506992
v -1.654431 2.336444 0.649553
v -1.667973 2.491056 0.498683
v -1.667973 2.344754 0.601696
v -1.654431 1.194134 -0.972790
v -1.667973 2.344754 0.601696
v -1.667973 1.241990 -0.964481
v -1.654431 0.938682 -0.792923
v -1.667973 1.132841 -0.887627
v -1.654431 1.141150 -0.935483
v -1.654431 2.335369 0.760582
v -1.667973 1.132841 -0.887627
v -1.667973 2.290505 0.756522
v -1.654431 2.335369 0.760582
v -1.667973 2.161181 0.883649
v -1.654431 2.156397 0.936513
v -1.654431 0.938682 -0.792923
v -1.667973 2.161181 0.883649
v -1.667973 0.986538 -0.784614
v -1.654431 0.938682 -0.792923
v -1.667973 0.784070 -0.642053
v -1.667973 0.930372 -0.745067
v -1.654431 0.938682 -0.792923
v -1.667973 2.108541 0.928203
v -1.654431 2.156397 0.936513
v -1.654431 2.156397 0.936513
v -1.667973 1.962239 1.031217
v -1.654431 1.953929 1.079073
v -1.654431 0.736214 -0.650363
v -1.667973 1.962239 1.031217
v -1.667973 0.784070 -0.642053
v 1.915817 1.396603 -1.115350
v 1.931787 2.543696 0.454129
v 1.915817 2.538913 0.506992
v 1.915817 2.717884 0.331062
v 1.931787 2.543696 0.454129
v 1.931787 2.673020 0.327002
v 1.915817 2.717884 0.331062
v 1.931787 1.590761 -1.210055
v 1.915817 1.599071 -1.257910
v 1.915817 1.599071 -1.257910
v 1.931787 1.444459 -1.107041
v 1.915817 1.396603 -1.115350
v 1.915817 1.194134 -0.972790
v 1.931787 1.241990 -0.964481
v 1.931787 2.344754 0.601696
v 1.915817 2.336444 0.649553
v 1.915817 2.336444 0.649553
v 1.931787 2.491056 0.498683
v 1.915817 2.538913 0.506992
v 1.915817 2.538913 0.506992
v 1.931787 1.388293 -1.067494
v 1.915817 1.396603 -1.115350
v 1.915817 1.396603 -1.115350
v 1.931787 1.241990 -0.964481
v 1.915817 1.194134 -0.972790
v 1.915817 0.938682 -0.792923
v 1.931787 2.161181 0.883649
v 1.915817 2.156397 0.936513
v 1.915817 2.335369 0.760582
v 1.931787 2.161181 0.883649
v 1.931787 2.290505 0.756522
v 1.915817 2.335369 0.760582
v 1.931787 1.132841 -0.887627
v 1.915817 1.141150 -0.935483
v 1.915817 0.938682 -0.792923
v 1.931787 1.132841 -0.887627
v 1.931787 0.986538 -0.784614
v 1.915817 1.953929 1.079073
v 1.931787 0.784070 -0.642053
v 1.931787 1.962239 1.031217
v 1.915817 2.156397 0.936513
v 1.931787 1.962239 1.031217
v 1.931787 2.108541 0.928203
v 1.915817 0.938682 -0.792923
v 1.931787 2.108541 0.928203
v 1.931787 0.930372 -0.745067
v 1.915817 0.938682 -0.792923
v 1.931787 0.784070 -0.642053
v 1.915817 0.736214 -0.650363
v -0.107520 1.745556 -0.067630
v -0.107520 1.349523 0.211220
v -0.107520 1.408114 -0.126221
v -0.107520 1.745556 -0.067630
v -0.558152 1.408114 -0.126221
v -0.558152 1.745556 -0.067631
v -0.107520 1.745556 -0.067630
v -0.558152 1.686965 0.269811
v -0.107520 1.686965 0.269811
v -0.558152 1.686965 0.269811
v -0.558152 1.408114 -0.126221
v -0.558153 1.349523 0.211220
v -0.107520 1.349523 0.211220
v -0.558152 1.686965 0.269811
v -0.558153 1.349523 0.211220
v -0.107520 1.349523 0.211220
v -0.558152 1.408114 -0.126221
v -0.107520 1.408114 -0.126221
v 0.368906 1.349523 0.211220
v 0.368906 1.745556 -0.067630
v 0.368906 1.408114 -0.126221
v 0.368906 1.686965 0.269811
v 0.819539 1.745556 -0.067630
v 0.368906 1.408114 -0.126221
v 0.368906 1.745556 -0.067630
v 0.819539 1.686965 0.269811
v 0.368906 1.745556 -0.067630
v 0.368906 1.686965 0.269811
v 0.819539 1.408114 -0.126221
v 0.819539 1.686965 0.269811
v 0.819539 1.349523 0.211220
v 0.368906 1.349523 0.211220
v 0.819539 1.686965 0.269811
v 0.368906 1.686965 0.269811
v 0.819539 1.408114 -0.126221
v 0.368906 1.349523 0.211220
v 0.368906 1.408114 -0.126221
v -1.097700 1.194134 -0.972790
v -1.097700 1.396603 -1.115350
v -1.097700 2.538913 0.506992
v -1.097700 2.336444 0.649553
v -1.654431 1.599071 -1.257910
v -1.623688 2.743021 0.313362
v -1.623688 1.624208 -1.275610
v -1.654431 2.336444 0.649553
v -1.623688 1.168997 -0.955091
v -1.623688 2.311307 0.667252
v -1.097700 2.717884 0.331062
v -1.128443 1.624208 -1.275610
v -1.128443 2.743021 0.313362
v -1.097700 1.194134 -0.972790
v -1.128443 2.311307 0.667252
v -1.128443 1.168997 -0.955091
v -1.654431 2.717884 0.331062
v -1.632692 2.725247 0.325877
v -1.623688 2.743021 0.313362
v -1.128443 2.743021 0.313362
v -1.119439 2.725247 0.325877
v -1.097700 2.717884 0.331062
v -1.097700 2.336444 0.649553
v -1.119439 2.329082 0.654737
v -1.128443 2.311307 0.667252
v -1.343432 1.933073 -0.410123
v -1.343432 2.107312 -0.532807
v -1.343432 2.716339 0.332150
v -1.343432 2.565596 0.488205
v -1.130334 1.879707 -0.372548
v -1.130334 1.705467 -0.249864
v -1.130334 2.337990 0.648464
v -1.130334 2.512230 0.525780
v -1.408699 1.879707 -0.372548
v -1.408699 2.337990 0.648464
v -1.408699 2.512230 0.525780
v -1.408699 1.705467 -0.249864
v -1.343432 1.879707 -0.372548
v -1.130334 1.879707 -0.372548
v -1.130334 2.512230 0.525780
v -1.343432 2.512230 0.525780
v -1.408699 2.716339 0.332150
v -1.408699 2.107312 -0.532807
v -1.408699 1.933073 -0.410123
v -1.408699 2.565596 0.488205
v -1.621797 1.879707 -0.372548
v -1.408699 1.879707 -0.372548
v -1.408699 2.512230 0.525780
v -1.621797 2.512230 0.525780
v -1.130334 2.716339 0.332150
v -1.130334 1.933073 -0.410123
v -1.130334 2.565596 0.488205
v -1.130334 2.107312 -0.532807
v -1.130334 1.705467 -0.249864
v -1.343432 1.705467 -0.249864
v -1.343432 2.337990 0.648464
v -1.130334 2.337990 0.648464
v -1.621797 2.107312 -0.532807
v -1.408699 2.107312 -0.532807
v -1.408699 2.716339 0.332150
v -1.621797 2.716339 0.332150
v -1.408699 1.705467 -0.249864
v -1.621797 1.705467 -0.249864
v -1.621797 2.337990 0.648464
v -1.408699 2.337990 0.648464
v -1.343432 2.107312 -0.532807
v -1.130334 2.107312 -0.532807
v -1.130334 2.716339 0.332150
v -1.343432 2.716339 0.332150
v -1.343432 1.705467 -0.249864
v -1.343432 1.879707 -0.372548
v -1.343432 2.512230 0.525780
v -1.343432 2.337990 0.648464
v -1.130334 1.705467 -0.249864
v -1.130334 1.879707 -0.372548
v -1.343432 1.879707 -0.372548
v -1.343432 1.705467 -0.249864
v -1.408699 1.705467 -0.249864
v -1.621797 1.879707 -0.372548
v -1.621797 1.705467 -0.249864
v -1.408699 1.879707 -0.372548
v -1.408699 1.933073 -0.410123
v -1.621797 2.107312 -0.532807
v -1.621797 1.933073 -0.410123
v -1.408699 2.107312 -0.532807
v -1.130334 1.933073 -0.410123
v -1.130334 2.107312 -0.532807
v -1.343432 2.107312 -0.532807
v -1.343432 1.933073 -0.410123
v -1.130334 2.565596 0.488205
v -1.097700 2.538913 0.506992
v -1.097700 2.717884 0.331062
v -1.128443 2.311307 0.667252
v -1.376065 1.168997 -0.955091
v -1.128443 1.168997 -0.955091
v -1.376065 2.311307 0.667252
v -1.343432 2.512230 0.525780
v -1.097700 2.538913 0.506992
v -1.376065 2.538913 0.506992
v -1.408699 2.512230 0.525780
v -1.376065 2.311307 0.667252
v -1.408699 2.337990 0.648464
v -1.623688 1.168997 -0.955091
v -1.623688 2.311307 0.667252
v -1.376065 2.743021 0.313362
v -1.408699 2.565596 0.488205
v -1.376065 2.538913 0.506992
v -1.654431 1.396603 -1.115350
v -1.621797 2.565596 0.488205
v -1.654431 2.538913 0.506992
v -1.408699 2.565596 0.488205
v -1.130334 2.565596 0.488205
v -1.343432 2.565596 0.488205
v -1.097700 1.599071 -1.257910
v -1.097700 2.717884 0.331062
v -1.097700 1.194134 -0.972790
v -1.343432 2.565596 0.488205
v -1.376065 2.743021 0.313362
v -1.376065 2.538913 0.506992
v -1.119439 2.329082 0.654737
v -1.343432 2.337990 0.648464
v -1.128443 2.311307 0.667252
v -1.128443 1.624208 -1.275610
v -1.654431 1.599071 -1.257910
v -1.621797 2.512230 0.525780
v -1.654431 2.336444 0.649553
v -1.621797 1.933073 -0.410123
v -1.621797 2.716339 0.332150
v -1.621797 2.565596 0.488205
v -1.621797 2.107312 -0.532807
v -1.130334 1.933073 -0.410123
v -1.343432 1.933073 -0.410123
v -1.343432 2.565596 0.488205
v -1.130334 2.565596 0.488205
v -1.376065 1.396603 -1.115350
v -1.128443 1.624208 -1.275610
v -1.097700 1.599071 -1.257910
v -1.621797 1.705467 -0.249864
v -1.621797 1.879707 -0.372548
v -1.621797 2.512230 0.525780
v -1.621797 2.337990 0.648464
v -1.408699 2.716339 0.332150
v -1.376065 2.743021 0.313362
v -1.623688 2.743021 0.313362
v -1.130334 2.716339 0.332150
v -1.119439 2.725247 0.325877
v -1.128443 2.743021 0.313362
v -1.623688 2.311307 0.667252
v -1.632692 2.329082 0.654737
v -1.654431 2.336444 0.649553
v -1.621797 2.337990 0.648464
v -1.408699 1.933073 -0.410123
v -1.621797 2.565596 0.488205
v -1.408699 2.565596 0.488205
v -1.621797 1.933073 -0.410123
v -1.654431 2.717884 0.331062
v -1.097700 0.736214 -0.650363
v -1.097700 0.938682 -0.792923
v -1.097700 2.156397 0.936513
v -1.097700 1.953929 1.079073
v -1.654431 1.141150 -0.935483
v -1.623688 2.360506 0.742882
v -1.623688 1.166287 -0.953183
v -1.654431 1.953929 1.079073
v -1.623688 0.711076 -0.632663
v -1.623688 1.928792 1.096773
v -1.097700 2.335369 0.760582
v -1.128443 1.166287 -0.953183
v -1.128443 2.360506 0.742882
v -1.097700 0.736214 -0.650363
v -1.128443 1.928792 1.096773
v -1.128443 0.711076 -0.632663
v -1.654431 2.335369 0.760582
v -1.632692 2.342731 0.755398
v -1.623688 2.360506 0.742882
v -1.623688 1.928792 1.096773
v -1.632692 1.946567 1.084257
v -1.654431 1.953929 1.079073
v -1.097700 2.335369 0.760582
v -1.119439 2.342731 0.755398
v -1.130334 2.333823 0.761670
v -1.128443 2.360506 0.742882
v -1.097700 1.953929 1.079073
v -1.119439 1.946567 1.084257
v -1.128443 1.928792 1.096773
v -1.343432 1.475152 -0.087696
v -1.343432 2.333823 0.761670
v -1.343432 2.183080 0.917725
v -1.343432 1.649391 -0.210380
v -1.130334 1.421786 -0.050120
v -1.130334 1.247546 0.072564
v -1.130334 1.955475 1.077985
v -1.130334 2.129714 0.955301
v -1.408699 1.421786 -0.050120
v -1.408699 1.247546 0.072564
v -1.408699 1.955475 1.077985
v -1.408699 2.129714 0.955301
v -1.343432 1.421786 -0.050120
v -1.130334 1.421786 -0.050120
v -1.130334 2.129714 0.955301
v -1.343432 2.129714 0.955301
v -1.408699 2.333823 0.761670
v -1.408699 1.649391 -0.210380
v -1.408699 1.475152 -0.087696
v -1.408699 2.183080 0.917725
v -1.621797 1.421786 -0.050120
v -1.408699 1.421786 -0.050120
v -1.408699 2.129714 0.955301
v -1.621797 2.129714 0.955301
v -1.130334 2.333823 0.761670
v -1.130334 1.649391 -0.210380
v -1.130334 1.475152 -0.087696
v -1.130334 2.183080 0.917725
v -1.130334 1.247546 0.072564
v -1.343432 1.247546 0.072564
v -1.343432 1.955475 1.077985
v -1.130334 1.955475 1.077985
v -1.621797 1.649391 -0.210380
v -1.408699 2.333823 0.761670
v -1.621797 2.333823 0.761670
v -1.408699 1.649391 -0.210380
v -1.408699 1.247546 0.072564
v -1.621797 1.247546 0.072564
v -1.621797 1.955475 1.077985
v -1.408699 1.955475 1.077985
v -1.343432 1.649391 -0.210380
v -1.130334 1.649391 -0.210380
v -1.130334 2.333823 0.761670
v -1.343432 2.333823 0.761670
v -1.343432 1.247546 0.072564
v -1.343432 2.129714 0.955301
v -1.343432 1.955475 1.077985
v -1.343432 1.421786 -0.050120
v -1.130334 1.247546 0.072564
v -1.343432 1.421786 -0.050120
v -1.343432 1.247546 0.072564
v -1.130334 1.421786 -0.050120
v -1.408699 1.247546 0.072564
v -1.621797 1.421786 -0.050120
v -1.621797 1.247546 0.072564
v -1.408699 1.421786 -0.050120
v -1.408699 1.475152 -0.087696
v -1.408699 1.649391 -0.210380
v -1.621797 1.649391 -0.210380
v -1.621797 1.475152 -0.087696
v -1.130334 1.475152 -0.087696
v -1.343432 1.649391 -0.210380
v -1.343432 1.475152 -0.087696
v -1.130334 1.649391 -0.210380
v -1.130334 2.183080 0.917725
v -1.097700 2.156397 0.936513
v -1.097700 2.335369 0.760582
v -1.128443 1.928792 1.096773
v -1.376065 0.711076 -0.632663
v -1.128443 0.711076 -0.632663
v -1.376065 1.928792 1.096773
v -1.343432 2.129714 0.955301
v -1.097700 2.156397 0.936513
v -1.376065 2.156397 0.936513
v -1.623688 2.360506 0.742882
v -1.376065 1.166287 -0.953183
v -1.623688 1.166287 -0.953183
v -1.376065 2.360506 0.742882
v -1.621797 2.129714 0.955301
v -1.376065 2.156397 0.936513
v -1.654431 2.156397 0.936513
v -1.623688 0.711076 -0.632663
v -1.623688 1.928792 1.096773
v -1.376065 2.156397 0.936513
v -1.621797 2.183080 0.917725
v -1.654431 2.156397 0.936513
v -1.408699 2.333823 0.761670
v -1.376065 2.156397 0.936513
v -1.376065 2.360506 0.742882
v -1.654431 0.938682 -0.792923
v -1.408699 2.129714 0.955301
v -1.408699 1.955475 1.077985
v -1.376065 1.928792 1.096773
v -1.130334 2.183080 0.917725
v -1.097700 1.141150 -0.935483
v -1.097700 2.335369 0.760582
v -1.097700 0.736214 -0.650363
v -1.343432 2.183080 0.917725
v -1.376065 2.360506 0.742882
v -1.376065 2.156397 0.936513
v -1.343432 1.955475 1.077985
v -1.128443 1.928792 1.096773
v -1.119439 1.946567 1.084257
v -1.654431 1.141150 -0.935483
v -1.128443 1.166287 -0.953183
v -1.654431 2.156397 0.936513
v -1.621797 1.475152 -0.087696
v -1.621797 2.333823 0.761670
v -1.621797 2.183080 0.917725
v -1.621797 1.649391 -0.210380
v -1.130334 1.475152 -0.087696
v -1.343432 1.475152 -0.087696
v -1.343432 2.183080 0.917725
v -1.130334 2.183080 0.917725
v -1.376065 0.938682 -0.792923
v -1.128443 1.166287 -0.953183
v -1.097700 1.141150 -0.935483
v -1.621797 1.247546 0.072564
v -1.621797 1.421786 -0.050120
v -1.621797 2.129714 0.955301
v -1.621797 1.955475 1.077985
v -1.376065 2.360506 0.742882
v -1.130334 2.333823 0.761670
v -1.119439 2.342731 0.755398
v -1.128443 2.360506 0.742882
v -1.621797 1.955475 1.077985
v -1.632692 1.946567 1.084257
v -1.623688 1.928792 1.096773
v -1.408699 1.475152 -0.087696
v -1.621797 2.183080 0.917725
v -1.408699 2.183080 0.917725
v -1.621797 1.475152 -0.087696
v -1.621797 2.333823 0.761670
v -1.632692 2.342731 0.755398
v -1.654431 2.335369 0.760582
v -1.128443 1.166287 -0.953183
v -1.128443 2.360506 0.742882
v -0.535401 1.194134 -0.972790
v -0.535401 1.396603 -1.115350
v -0.535401 2.538913 0.506992
v -0.535401 2.336444 0.649553
v -1.092133 1.599071 -1.257910
v -1.061389 2.743021 0.313362
v -1.061389 1.624208 -1.275610
v -1.092133 2.336444 0.649553
v -1.061389 1.168997 -0.955091
v -1.061389 2.311307 0.667252
v -0.535401 2.717884 0.331062
v -0.566145 1.624208 -1.275610
v -0.566145 2.743021 0.313362
v -0.535401 1.194134 -0.972790
v -0.566145 2.311307 0.667252
v -0.566145 1.168997 -0.955091
v -1.092133 2.717884 0.331062
v -1.070394 2.725247 0.325877
v -1.061389 2.743021 0.313362
v -1.061389 2.311307 0.667252
v -1.070394 2.329082 0.654737
v -1.092133 2.336444 0.649553
v -0.566145 2.743021 0.313362
v -0.557140 2.725247 0.325877
v -0.535401 2.717884 0.331062
v -0.535401 2.336444 0.649553
v -0.557140 2.329082 0.654737
v -0.566145 2.311307 0.667252
v -0.781133 1.933073 -0.410123
v -0.781133 2.107312 -0.532807
v -0.781133 2.716339 0.332150
v -0.781133 2.565596 0.488205
v -0.568035 1.879707 -0.372548
v -0.568035 1.705467 -0.249864
v -0.568035 2.337990 0.648464
v -0.568035 2.512230 0.525780
v -0.846401 1.879707 -0.372548
v -0.846401 1.705467 -0.249864
v -0.846401 2.337990 0.648464
v -0.846401 2.512230 0.525780
v -0.781133 1.879707 -0.372548
v -0.568035 2.512230 0.525780
v -0.781133 2.512230 0.525780
v -0.568035 1.879707 -0.372548
v -0.846401 2.716339 0.332150
v -0.846401 2.107312 -0.532807
v -0.846401 1.933073 -0.410123
v -0.846401 2.565596 0.488205
v -1.059499 1.879707 -0.372548
v -0.846401 1.879707 -0.372548
v -0.846401 2.512230 0.525780
v -1.059499 2.512230 0.525780
v -0.568035 2.716339 0.332150
v -0.568035 2.107312 -0.532807
v -0.568035 1.933073 -0.410123
v -0.568035 2.565596 0.488205
v -0.568035 1.705467 -0.249864
v -0.781133 2.337990 0.648464
v -0.568035 2.337990 0.648464
v -0.781133 1.705467 -0.249864
v -1.059499 2.107312 -0.532807
v -0.846401 2.716339 0.332150
v -1.059499 2.716339 0.332150
v -0.846401 2.107312 -0.532807
v -0.846401 1.705467 -0.249864
v -1.059499 2.337990 0.648464
v -0.846401 2.337990 0.648464
v -1.059499 1.705467 -0.249864
v -0.781133 2.107312 -0.532807
v -0.568035 2.716339 0.332150
v -0.781133 2.716339 0.332150
v -0.568035 2.107312 -0.532807
v -0.781133 1.705467 -0.249864
v -0.781133 2.512230 0.525780
v -0.781133 2.337990 0.648464
v -0.781133 1.879707 -0.372548
v -0.568035 1.705467 -0.249864
v -0.781133 1.879707 -0.372548
v -0.781133 1.705467 -0.249864
v -0.568035 1.879707 -0.372548
v -0.846401 1.705467 -0.249864
v -1.059499 1.879707 -0.372548
v -1.059499 1.705467 -0.249864
v -0.846401 1.879707 -0.372548
v -0.846401 1.933073 -0.410123
v -1.059499 2.107312 -0.532807
v -1.059499 1.933073 -0.410123
v -0.846401 2.107312 -0.532807
v -0.568035 1.933073 -0.410123
v -0.781133 2.107312 -0.532807
v -0.781133 1.933073 -0.410123
v -0.568035 2.107312 -0.532807
v -0.568035 2.565596 0.488205
v -0.535401 2.538913 0.506992
v -0.535401 2.717884 0.331062
v -0.566145 2.311307 0.667252
v -0.813767 1.168997 -0.955091
v -0.566145 1.168997 -0.955091
v -0.813767 2.311307 0.667252
v -0.781133 2.512230 0.525780
v -0.535401 2.538913 0.506992
v -0.813767 2.538913 0.506992
v -0.846401 2.512230 0.525780
v -0.813767 2.311307 0.667252
v -0.846401 2.337990 0.648464
v -1.061389 2.311307 0.667252
v -1.061389 1.168997 -0.955091
v -0.846401 2.565596 0.488205
v -1.092133 2.538913 0.506992
v -0.846401 2.716339 0.332150
v -0.813767 2.538913 0.506992
v -0.813767 2.743021 0.313362
v -1.092133 1.396603 -1.115350
v -0.568035 2.565596 0.488205
v -0.781133 2.565596 0.488205
v -0.535401 1.599071 -1.257910
v -0.535401 2.717884 0.331062
v -0.535401 1.194134 -0.972790
v -0.781133 2.565596 0.488205
v -0.813767 2.743021 0.313362
v -0.813767 2.538913 0.506992
v -0.557140 2.329082 0.654737
v -0.781133 2.337990 0.648464
v -0.566145 2.311307 0.667252
v -0.566145 1.624208 -1.275610
v -1.092133 1.599071 -1.257910
v -1.059499 2.512230 0.525780
v -1.092133 2.336444 0.649553
v -1.059499 1.933073 -0.410123
v -1.059499 2.107312 -0.532807
v -1.059499 2.716339 0.332150
v -1.059499 2.565596 0.488205
v -0.568035 1.933073 -0.410123
v -0.781133 1.933073 -0.410123
v -0.781133 2.565596 0.488205
v -0.568035 2.565596 0.488205
v -0.813767 1.396603 -1.115350
v -0.566145 1.624208 -1.275610
v -0.535401 1.599071 -1.257910
v -1.092133 1.396603 -1.115350
v -1.092133 2.538913 0.506992
v -1.092133 2.717884 0.331062
v -1.092133 1.599071 -1.257910
v -1.092133 2.336444 0.649553
v -1.092133 1.194134 -0.972790
v -1.059499 1.705467 -0.249864
v -1.059499 2.512230 0.525780
v -1.059499 2.337990 0.648464
v -1.059499 1.879707 -0.372548
v -1.070394 2.725247 0.325877
v -0.813767 2.743021 0.313362
v -0.568035 2.716339 0.332150
v -0.557140 2.725247 0.325877
v -0.566145 2.743021 0.313362
v -1.061389 2.311307 0.667252
v -1.059499 2.337990 0.648464
v -1.070394 2.329082 0.654737
v -0.846401 1.933073 -0.410123
v -1.059499 1.933073 -0.410123
v -1.059499 2.565596 0.488205
v -0.846401 2.565596 0.488205
v -1.059499 2.716339 0.332150
v -1.070394 2.725247 0.325877
v -1.092133 2.717884 0.331062
v -0.535401 0.736214 -0.650363
v -0.535401 2.156397 0.936513
v -0.535401 1.953929 1.079073
v -0.535401 0.938682 -0.792923
v -1.092133 1.141150 -0.935483
v -1.061389 2.360506 0.742882
v -1.061389 1.166287 -0.953183
v -1.092133 1.953929 1.079073
v -1.061389 0.711076 -0.632663
v -1.061389 1.928792 1.096773
v -0.535401 2.335369 0.760582
v -0.566145 1.166287 -0.953183
v -0.566145 2.360506 0.742882
v -0.535401 0.736214 -0.650363
v -0.566145 1.928792 1.096773
v -0.566145 0.711076 -0.632663
v -1.092133 2.335369 0.760582
v -1.070394 2.342731 0.755398
v -1.061389 2.360506 0.742882
v -1.061389 1.928792 1.096773
v -1.070394 1.946567 1.084257
v -1.092133 1.953929 1.079073
v -0.566145 2.360506 0.742882
v -0.557140 2.342731 0.755398
v -0.535401 2.335369 0.760582
v -0.535401 1.953929 1.079073
v -0.557140 1.946567 1.084257
v -0.566145 1.928792 1.096773
v -0.781133 1.475152 -0.087696
v -0.781133 2.333823 0.761670
v -0.781133 2.183080 0.917725
v -0.781133 1.649391 -0.210380
v -0.568035 1.421786 -0.050120
v -0.568035 1.247546 0.072564
v -0.568035 1.955475 1.077985
v -0.568035 2.129714 0.955301
v -0.846401 1.421786 -0.050120
v -0.846401 1.247546 0.072564
v -0.846401 1.955475 1.077985
v -0.846401 2.129714 0.955301
v -0.781133 1.421786 -0.050120
v -0.568035 2.129714 0.955301
v -0.781133 2.129714 0.955301
v -0.568035 1.421786 -0.050120
v -0.846401 2.333823 0.761670
v -0.846401 1.475152 -0.087696
v -0.846401 2.183080 0.917725
v -0.846401 1.649391 -0.210380
v -1.059499 1.421786 -0.050120
v -0.846401 2.129714 0.955301
v -1.059499 2.129714 0.955301
v -0.846401 1.421786 -0.050120
v -0.568035 2.333823 0.761670
v -0.568035 1.475152 -0.087696
v -0.568035 2.183080 0.917725
v -0.568035 1.649391 -0.210380
v -0.568035 1.247546 0.072564
v -0.781133 1.955475 1.077985
v -0.568035 1.955475 1.077985
v -0.781133 1.247546 0.072564
v -1.059499 1.649391 -0.210380
v -0.846401 1.649391 -0.210380
v -0.846401 2.333823 0.761670
v -1.059499 2.333823 0.761670
v -0.846401 1.247546 0.072564
v -1.059499 1.247546 0.072564
v -1.059499 1.955475 1.077985
v -0.846401 1.955475 1.077985
v -0.781133 1.649391 -0.210380
v -0.568035 1.649391 -0.210380
v -0.568035 2.333823 0.761670
v -0.781133 2.333823 0.761670
v -0.781133 1.247546 0.072564
v -0.781133 1.421786 -0.050120
v -0.781133 2.129714 0.955301
v -0.781133 1.955475 1.077985
v -0.568035 1.247546 0.072564
v -0.781133 1.421786 -0.050120
v -0.781133 1.247546 0.072564
v -0.568035 1.421786 -0.050120
v -0.846401 1.247546 0.072564
v -1.059499 1.421786 -0.050120
v -1.059499 1.247546 0.072564
v -0.846401 1.421786 -0.050120
v -0.846401 1.475152 -0.087696
v -1.059499 1.649391 -0.210380
v -1.059499 1.475152 -0.087696
v -0.846401 1.649391 -0.210380
v -0.568035 1.475152 -0.087696
v -0.781133 1.649391 -0.210380
v -0.781133 1.475152 -0.087696
v -0.568035 1.649391 -0.210380
v -0.568035 2.183080 0.917725
v -0.535401 2.156397 0.936513
v -0.535401 2.335369 0.760582
v -0.566145 1.928792 1.096773
v -0.813767 1.928792 1.096773
v -0.813767 0.711076 -0.632663
v -0.566145 0.711076 -0.632663
v -0.781133 2.129714 0.955301
v -0.535401 2.156397 0.936513
v -0.813767 2.156397 0.936513
v -0.781133 1.955475 1.077985
v -0.781133 2.129714 0.955301
v -0.813767 2.156397 0.936513
v -0.813767 1.928792 1.096773
v -1.061389 2.360506 0.742882
v -0.813767 2.360506 0.742882
v -0.813767 1.166287 -0.953183
v -1.061389 1.166287 -0.953183
v -1.092133 2.156397 0.936513
v -0.846401 2.129714 0.955301
v -0.813767 2.156397 0.936513
v -1.061389 1.928792 1.096773
v -1.061389 0.711076 -0.632663
v -0.846401 2.129714 0.955301
v -0.846401 1.955475 1.077985
v -0.846401 2.183080 0.917725
v -1.092133 2.156397 0.936513
v -0.813767 2.360506 0.742882
v -0.846401 2.183080 0.917725
v -0.813767 2.156397 0.936513
v -1.092133 0.938682 -0.792923
v -0.535401 2.156397 0.936513
v -0.781133 2.183080 0.917725
v -0.813767 2.156397 0.936513
v -0.535401 1.141150 -0.935483
v -0.535401 2.335369 0.760582
v -0.535401 0.736214 -0.650363
v -0.781133 2.183080 0.917725
v -0.813767 2.360506 0.742882
v -0.813767 2.156397 0.936513
v -0.568035 1.955475 1.077985
v -0.557140 1.946567 1.084257
v -0.535401 1.953929 1.079073
v -1.092133 1.141150 -0.935483
v -0.566145 1.166287 -0.953183
v -1.059499 1.475152 -0.087696
v -1.059499 1.649391 -0.210380
v -1.059499 2.333823 0.761670
v -1.059499 2.183080 0.917725
v -0.568035 1.475152 -0.087696
v -0.781133 1.475152 -0.087696
v -0.781133 2.183080 0.917725
v -0.568035 2.183080 0.917725
v -0.813767 0.938682 -0.792923
v -0.566145 1.166287 -0.953183
v -0.535401 1.141150 -0.935483
v -1.092133 0.938682 -0.792923
v -1.092133 2.335369 0.760582
v -1.092133 1.141150 -0.935483
v -1.092133 2.156397 0.936513
v -1.092133 1.953929 1.079073
v -1.092133 0.736214 -0.650363
v -1.059499 1.247546 0.072564
v -1.059499 2.129714 0.955301
v -1.059499 1.955475 1.077985
v -1.059499 1.421786 -0.050120
v -0.781133 1.955475 1.077985
v -0.813767 1.928792 1.096773
v -0.566145 1.928792 1.096773
v -0.846401 2.333823 0.761670
v -0.813767 2.360506 0.742882
v -1.061389 2.360506 0.742882
v -0.568035 2.333823 0.761670
v -0.557140 2.342731 0.755398
v -0.566145 2.360506 0.742882
v -1.059499 1.955475 1.077985
v -1.070394 1.946567 1.084257
v -1.061389 1.928792 1.096773
v -0.846401 1.475152 -0.087696
v -1.059499 1.475152 -0.087696
v -1.059499 2.183080 0.917725
v -0.846401 2.183080 0.917725
v -1.059499 2.333823 0.761670
v -1.070394 2.342731 0.755398
v -1.092133 2.335369 0.760582
v -0.566145 1.166287 -0.953183
v -0.566145 2.360506 0.742882
v 1.885074 2.743021 0.313362
v 1.915817 1.599071 -1.257910
v 1.885074 1.624208 -1.275610
v 1.885074 1.168997 -0.955091
v 1.915817 2.336444 0.649553
v 1.885074 2.311307 0.667252
v 1.389830 1.624208 -1.275610
v 1.359086 2.717884 0.331062
v 1.389830 2.743021 0.313362
v 1.389830 2.311307 0.667252
v 1.359086 1.194134 -0.972790
v 1.389830 1.168997 -0.955091
v 1.915817 2.717884 0.331062
v 1.885074 2.743021 0.313362
v 1.894079 2.725247 0.325877
v 1.885074 2.311307 0.667252
v 1.915817 2.336444 0.649553
v 1.894079 2.329082 0.654737
v 1.389830 2.743021 0.313362
v 1.359086 2.336444 0.649553
v 1.389830 2.311307 0.667252
v 1.380825 2.329082 0.654737
v 1.604818 2.716339 0.332150
v 1.604818 2.107312 -0.532807
v 1.604818 1.933073 -0.410123
v 1.604818 2.565596 0.488205
v 1.391720 2.337990 0.648464
v 1.391720 1.879707 -0.372548
v 1.391720 2.512230 0.525780
v 1.391720 1.705467 -0.249864
v 1.670086 2.337990 0.648464
v 1.670086 1.879707 -0.372548
v 1.670086 2.512230 0.525780
v 1.670086 1.705467 -0.249864
v 1.391720 2.512230 0.525780
v 1.391720 1.879707 -0.372548
v 1.604818 1.879707 -0.372548
v 1.604818 2.512230 0.525780
v 1.670086 2.716339 0.332150
v 1.670086 1.933073 -0.410123
v 1.670086 2.107312 -0.532807
v 1.670086 2.565596 0.488205
v 1.670086 2.512230 0.525780
v 1.883184 1.879707 -0.372548
v 1.883184 2.512230 0.525780
v 1.670086 1.879707 -0.372548
v 1.391720 2.716339 0.332150
v 1.391720 1.933073 -0.410123
v 1.391720 2.107312 -0.532807
v 1.391720 2.565596 0.488205
v 1.604818 2.337990 0.648464
v 1.391720 1.705467 -0.249864
v 1.391720 2.337990 0.648464
v 1.604818 1.705467 -0.249864
v 1.670086 2.716339 0.332150
v 1.883184 2.107312 -0.532807
v 1.883184 2.716339 0.332150
v 1.670086 2.107312 -0.532807
v 1.883184 2.337990 0.648464
v 1.670086 1.705467 -0.249864
v 1.670086 2.337990 0.648464
v 1.883184 1.705467 -0.249864
v 1.391720 2.716339 0.332150
v 1.391720 2.107312 -0.532807
v 1.604818 2.107312 -0.532807
v 1.604818 2.716339 0.332150
v 1.604818 2.512230 0.525780
v 1.604818 1.879707 -0.372548
v 1.604818 1.705467 -0.249864
v 1.604818 2.337990 0.648464
v 1.604818 1.879707 -0.372548
v 1.391720 1.705467 -0.249864
v 1.604818 1.705467 -0.249864
v 1.391720 1.879707 -0.372548
v 1.883184 1.879707 -0.372548
v 1.670086 1.705467 -0.249864
v 1.883184 1.705467 -0.249864
v 1.670086 1.879707 -0.372548
v 1.883184 2.107312 -0.532807
v 1.670086 1.933073 -0.410123
v 1.883184 1.933073 -0.410123
v 1.670086 2.107312 -0.532807
v 1.604818 2.107312 -0.532807
v 1.391720 1.933073 -0.410123
v 1.604818 1.933073 -0.410123
v 1.391720 2.107312 -0.532807
v 1.359086 2.717884 0.331062
v 1.391720 2.565596 0.488205
v 1.391720 2.716339 0.332150
v 1.637452 2.311307 0.667252
v 1.670086 2.512230 0.525780
v 1.637452 2.538913 0.506992
v 1.670086 2.337990 0.648464
v 1.604818 2.512230 0.525780
v 1.604818 2.337990 0.648464
v 1.637452 1.168997 -0.955091
v 1.389830 2.311307 0.667252
v 1.389830 1.168997 -0.955091
v 1.637452 2.311307 0.667252
v 1.885074 1.168997 -0.955091
v 1.885074 2.311307 0.667252
v 1.915817 2.538913 0.506992
v 1.670086 2.565596 0.488205
v 1.883184 2.565596 0.488205
v 1.637452 2.538913 0.506992
v 1.670086 2.716339 0.332150
v 1.637452 2.743021 0.313362
v 1.637452 1.396603 -1.115350
v 1.915817 1.194134 -0.972790
v 1.885074 1.168997 -0.955091
v 1.883184 2.512230 0.525780
v 1.604818 2.565596 0.488205
v 1.391720 2.565596 0.488205
v 1.359086 2.538913 0.506992
v 1.391720 2.512230 0.525780
v 1.359086 2.538913 0.506992
v 1.359086 1.396603 -1.115350
v 1.359086 1.194134 -0.972790
v 1.359086 2.336444 0.649553
v 1.359086 2.717884 0.331062
v 1.359086 1.599071 -1.257910
v 1.359086 1.396603 -1.115350
v 1.637452 2.743021 0.313362
v 1.604818 2.565596 0.488205
v 1.637452 2.538913 0.506992
v 1.359086 2.336444 0.649553
v 1.391720 2.337990 0.648464
v 1.885074 1.624208 -1.275610
v 1.915817 2.336444 0.649553
v 1.883184 2.337990 0.648464
v 1.883184 2.716339 0.332150
v 1.883184 2.107312 -0.532807
v 1.883184 1.933073 -0.410123
v 1.883184 2.565596 0.488205
v 1.604818 2.565596 0.488205
v 1.604818 1.933073 -0.410123
v 1.391720 1.933073 -0.410123
v 1.391720 2.565596 0.488205
v 1.637452 1.624208 -1.275610
v 1.915817 1.194134 -0.972790
v 1.883184 2.512230 0.525780
v 1.883184 1.705467 -0.249864
v 1.883184 2.337990 0.648464
v 1.883184 1.879707 -0.372548
v 1.380825 2.329082 0.654737
v 1.389830 2.311307 0.667252
v 1.885074 2.743021 0.313362
v 1.670086 2.716339 0.332150
v 1.883184 2.716339 0.332150
v 1.389830 2.743021 0.313362
v 1.391720 2.716339 0.332150
v 1.604818 2.716339 0.332150
v 1.885074 2.311307 0.667252
v 1.894079 2.329082 0.654737
v 1.883184 2.565596 0.488205
v 1.883184 1.933073 -0.410123
v 1.670086 1.933073 -0.410123
v 1.670086 2.565596 0.488205
v 1.915817 2.717884 0.331062
v 1.883184 2.716339 0.332150
v 1.883184 2.565596 0.488205
v 1.885074 2.360506 0.742882
v 1.915817 1.141150 -0.935483
v 1.885074 1.166287 -0.953183
v 1.885074 0.711076 -0.632663
v 1.915817 1.953929 1.079073
v 1.885074 1.928792 1.096773
v 1.389830 1.166287 -0.953183
v 1.359086 2.335369 0.760582
v 1.389830 2.360506 0.742882
v 1.389830 1.928792 1.096773
v 1.359086 0.736214 -0.650363
v 1.389830 0.711076 -0.632663
v 1.915817 2.335369 0.760582
v 1.885074 2.360506 0.742882
v 1.894079 2.342731 0.755398
v 1.389830 2.360506 0.742882
v 1.359086 2.335369 0.760582
v 1.380825 2.342731 0.755398
v 1.359086 1.953929 1.079073
v 1.389830 1.928792 1.096773
v 1.380825 1.946567 1.084257
v 1.604818 2.333823 0.761670
v 1.604818 1.475152 -0.087696
v 1.604818 2.183080 0.917725
v 1.604818 1.649391 -0.210380
v 1.391720 1.955475 1.077985
v 1.391720 1.421786 -0.050120
v 1.391720 2.129714 0.955301
v 1.391720 1.247546 0.072564
v 1.670086 1.955475 1.077985
v 1.670086 1.247546 0.072564
v 1.670086 1.421786 -0.050120
v 1.670086 2.129714 0.955301
v 1.391720 2.129714 0.955301
v 1.391720 1.421786 -0.050120
v 1.604818 1.421786 -0.050120
v 1.604818 2.129714 0.955301
v 1.670086 2.333823 0.761670
v 1.670086 2.183080 0.917725
v 1.670086 1.475152 -0.087696
v 1.670086 1.649391 -0.210380
v 1.670086 2.129714 0.955301
v 1.670086 1.421786 -0.050120
v 1.883184 1.421786 -0.050120
v 1.883184 2.129714 0.955301
v 1.391720 2.333823 0.761670
v 1.391720 1.475152 -0.087696
v 1.391720 1.649391 -0.210380
v 1.391720 2.183080 0.917725
v 1.604818 1.955475 1.077985
v 1.604818 1.247546 0.072564
v 1.391720 1.247546 0.072564
v 1.391720 1.955475 1.077985
v 1.670086 2.333823 0.761670
v 1.670086 1.649391 -0.210380
v 1.883184 1.649391 -0.210380
v 1.883184 2.333823 0.761670
v 1.883184 1.955475 1.077985
v 1.883184 1.247546 0.072564
v 1.670086 1.247546 0.072564
v 1.670086 1.955475 1.077985
v 1.391720 2.333823 0.761670
v 1.391720 1.649391 -0.210380
v 1.604818 1.649391 -0.210380
v 1.604818 2.333823 0.761670
v 1.604818 2.129714 0.955301
v 1.604818 1.421786 -0.050120
v 1.604818 1.247546 0.072564
v 1.604818 1.955475 1.077985
v 1.604818 1.421786 -0.050120
v 1.391720 1.421786 -0.050120
v 1.391720 1.247546 0.072564
v 1.604818 1.247546 0.072564
v 1.883184 1.421786 -0.050120
v 1.670086 1.247546 0.072564
v 1.883184 1.247546 0.072564
v 1.670086 1.421786 -0.050120
v 1.883184 1.649391 -0.210380
v 1.670086 1.649391 -0.210380
v 1.670086 1.475152 -0.087696
v 1.883184 1.475152 -0.087696
v 1.604818 1.649391 -0.210380
v 1.391720 1.475152 -0.087696
v 1.604818 1.475152 -0.087696
v 1.391720 1.649391 -0.210380
v 1.359086 2.335369 0.760582
v 1.391720 2.183080 0.917725
v 1.391720 2.333823 0.761670
v 1.637452 2.156397 0.936513
v 1.391720 2.129714 0.955301
v 1.604818 2.129714 0.955301
v 1.637452 2.156397 0.936513
v 1.670086 2.129714 0.955301
v 1.883184 2.129714 0.955301
v 1.604818 2.129714 0.955301
v 1.604818 1.955475 1.077985
v 1.637452 1.928792 1.096773
v 1.670086 1.955475 1.077985
v 1.637452 2.156397 0.936513
v 1.883184 2.129714 0.955301
v 1.915817 2.156397 0.936513
v 1.637452 0.711076 -0.632663
v 1.389830 1.928792 1.096773
v 1.389830 0.711076 -0.632663
v 1.637452 1.928792 1.096773
v 1.885074 0.711076 -0.632663
v 1.885074 1.928792 1.096773
v 1.915817 2.156397 0.936513
v 1.670086 2.183080 0.917725
v 1.637452 2.156397 0.936513
v 1.637452 2.156397 0.936513
v 1.670086 2.333823 0.761670
v 1.637452 2.360506 0.742882
v 1.637452 0.938682 -0.792923
v 1.915817 0.736214 -0.650363
v 1.885074 0.711076 -0.632663
v 1.637452 2.156397 0.936513
v 1.391720 2.183080 0.917725
v 1.359086 2.156397 0.936513
v 1.359086 2.156397 0.936513
v 1.359086 0.938682 -0.792923
v 1.359086 0.736214 -0.650363
v 1.359086 1.953929 1.079073
v 1.359086 2.335369 0.760582
v 1.359086 1.141150 -0.935483
v 1.359086 0.938682 -0.792923
v 1.637452 2.156397 0.936513
v 1.604818 2.333823 0.761670
v 1.604818 2.183080 0.917725
v 1.391720 2.129714 0.955301
v 1.359086 2.156397 0.936513
v 1.359086 1.953929 1.079073
v 1.380825 1.946567 1.084257
v 1.391720 1.955475 1.077985
v 1.885074 1.166287 -0.953183
v 1.915817 1.953929 1.079073
v 1.883184 1.955475 1.077985
v 1.883184 2.333823 0.761670
v 1.883184 1.475152 -0.087696
v 1.883184 2.183080 0.917725
v 1.883184 1.649391 -0.210380
v 1.604818 2.183080 0.917725
v 1.391720 1.475152 -0.087696
v 1.391720 2.183080 0.917725
v 1.604818 1.475152 -0.087696
v 1.915817 0.736214 -0.650363
v 1.637452 1.166287 -0.953183
v 1.883184 2.129714 0.955301
v 1.883184 1.247546 0.072564
v 1.883184 1.955475 1.077985
v 1.883184 1.421786 -0.050120
v 1.389830 1.928792 1.096773
v 1.885074 2.360506 0.742882
v 1.670086 2.333823 0.761670
v 1.604818 2.333823 0.761670
v 1.637452 2.360506 0.742882
v 1.389830 2.360506 0.742882
v 1.391720 2.333823 0.761670
v 1.885074 1.928792 1.096773
v 1.894079 1.946567 1.084257
v 1.915817 1.953929 1.079073
v 1.883184 2.183080 0.917725
v 1.883184 1.475152 -0.087696
v 1.670086 1.475152 -0.087696
v 1.670086 2.183080 0.917725
v 1.915817 2.335369 0.760582
v 1.883184 2.333823 0.761670
v 1.883184 2.183080 0.917725
v 1.637452 1.166287 -0.953183
v 1.637452 2.360506 0.742882
v 1.885074 2.360506 0.742882
v 1.885074 1.166287 -0.953183
v 1.389830 1.166287 -0.953183
v 1.389830 2.360506 0.742882
v 1.322776 2.743021 0.313362
v 1.353519 1.599071 -1.257910
v 1.322776 1.624208 -1.275610
v 1.322776 1.168997 -0.955091
v 1.353519 2.336444 0.649553
v 1.322776 2.311307 0.667252
v 0.827531 1.624208 -1.275610
v 0.796788 2.717884 0.331062
v 0.827531 2.743021 0.313362
v 0.827531 2.311307 0.667252
v 0.796788 1.194134 -0.972790
v 0.827531 1.168997 -0.955091
v 1.353519 2.717884 0.331062
v 1.322776 2.743021 0.313362
v 1.331780 2.725247 0.325877
v 1.322776 2.311307 0.667252
v 1.353519 2.336444 0.649553
v 1.331780 2.329082 0.654737
v 0.827531 2.743021 0.313362
v 0.796788 2.717884 0.331062
v 0.818527 2.725247 0.325877
v 0.796788 2.336444 0.649553
v 0.827531 2.311307 0.667252
v 0.818527 2.329082 0.654737
v 1.042520 2.716339 0.332150
v 1.042520 1.933073 -0.410123
v 1.042520 2.565596 0.488205
v 1.042520 2.107312 -0.532807
v 0.829421 2.337990 0.648464
v 0.829421 1.879707 -0.372548
v 0.829421 2.512230 0.525780
v 0.829421 1.705467 -0.249864
v 1.107787 2.337990 0.648464
v 1.107787 1.879707 -0.372548
v 1.107787 2.512230 0.525780
v 1.107787 1.705467 -0.249864
v 0.829421 2.512230 0.525780
v 0.829421 1.879707 -0.372548
v 1.042520 1.879707 -0.372548
v 1.042520 2.512230 0.525780
v 1.107787 2.716339 0.332150
v 1.107787 2.565596 0.488205
v 1.107787 1.933073 -0.410123
v 1.107787 2.107312 -0.532807
v 1.107787 2.512230 0.525780
v 1.107787 1.879707 -0.372548
v 1.320885 1.879707 -0.372548
v 1.320885 2.512230 0.525780
v 0.829421 2.716339 0.332150
v 0.829421 1.933073 -0.410123
v 0.829421 2.107312 -0.532807
v 0.829421 2.565596 0.488205
v 1.042520 2.337990 0.648464
v 1.042520 1.705467 -0.249864
v 0.829421 1.705467 -0.249864
v 0.829421 2.337990 0.648464
v 1.107787 2.716339 0.332150
v 1.320885 2.107312 -0.532807
v 1.320885 2.716339 0.332150
v 1.107787 2.107312 -0.532807
v 1.320885 2.337990 0.648464
v 1.320885 1.705467 -0.249864
v 1.107787 1.705467 -0.249864
v 1.107787 2.337990 0.648464
v 0.829421 2.716339 0.332150
v 1.042520 2.107312 -0.532807
v 1.042520 2.716339 0.332150
v 0.829421 2.107312 -0.532807
v 1.042520 2.512230 0.525780
v 1.042520 1.705467 -0.249864
v 1.042520 2.337990 0.648464
v 1.042520 1.879707 -0.372548
v 1.042520 1.879707 -0.372548
v 0.829421 1.705467 -0.249864
v 1.042520 1.705467 -0.249864
v 0.829421 1.879707 -0.372548
v 1.320885 1.879707 -0.372548
v 1.107787 1.705467 -0.249864
v 1.320885 1.705467 -0.249864
v 1.107787 1.879707 -0.372548
v 1.320885 2.107312 -0.532807
v 1.107787 2.107312 -0.532807
v 1.107787 1.933073 -0.410123
v 1.320885 1.933073 -0.410123
v 1.042520 2.107312 -0.532807
v 0.829421 2.107312 -0.532807
v 0.829421 1.933073 -0.410123
v 1.042520 1.933073 -0.410123
v 0.796788 2.717884 0.331062
v 0.829421 2.565596 0.488205
v 0.829421 2.716339 0.332150
v 1.075153 2.538913 0.506992
v 1.107787 2.512230 0.525780
v 1.320885 2.512230 0.525780
v 0.829421 2.512230 0.525780
v 1.042520 2.512230 0.525780
v 1.042520 2.337990 0.648464
v 1.075153 2.311307 0.667252
v 1.042520 2.565596 0.488205
v 0.829421 2.565596 0.488205
v 1.107787 2.337990 0.648464
v 1.075153 2.538913 0.506992
v 1.320885 2.512230 0.525780
v 1.353519 2.538913 0.506992
v 1.075153 1.168997 -0.955091
v 0.827531 2.311307 0.667252
v 0.827531 1.168997 -0.955091
v 1.075153 2.311307 0.667252
v 1.322776 1.168997 -0.955091
v 1.322776 2.311307 0.667252
v 1.353519 2.538913 0.506992
v 1.107787 2.565596 0.488205
v 1.075153 2.538913 0.506992
v 1.075153 2.538913 0.506992
v 1.107787 2.716339 0.332150
v 1.075153 2.743021 0.313362
v 1.075153 1.396603 -1.115350
v 1.353519 1.194134 -0.972790
v 1.322776 1.168997 -0.955091
v 1.075153 2.538913 0.506992
v 0.829421 2.565596 0.488205
v 0.796788 2.538913 0.506992
v 0.796788 2.538913 0.506992
v 0.796788 1.396603 -1.115350
v 0.796788 1.194134 -0.972790
v 0.796788 2.336444 0.649553
v 0.796788 2.717884 0.331062
v 0.796788 1.599071 -1.257910
v 0.796788 1.396603 -1.115350
v 1.075153 2.743021 0.313362
v 1.042520 2.565596 0.488205
v 1.075153 2.538913 0.506992
v 0.796788 2.538913 0.506992
v 0.796788 2.336444 0.649553
v 0.829421 2.337990 0.648464
v 1.322776 1.624208 -1.275610
v 1.353519 2.336444 0.649553
v 1.320885 2.716339 0.332150
v 1.320885 2.107312 -0.532807
v 1.320885 1.933073 -0.410123
v 1.320885 2.565596 0.488205
v 1.042520 2.565596 0.488205
v 1.042520 1.933073 -0.410123
v 0.829421 1.933073 -0.410123
v 0.829421 2.565596 0.488205
v 1.075153 1.624208 -1.275610
v 1.353519 1.194134 -0.972790
v 1.353519 1.396603 -1.115350
v 1.353519 2.336444 0.649553
v 1.353519 1.194134 -0.972790
v 1.353519 2.717884 0.331062
v 1.353519 2.538913 0.506992
v 1.353519 1.599071 -1.257910
v 1.320885 2.512230 0.525780
v 1.320885 1.705467 -0.249864
v 1.320885 2.337990 0.648464
v 1.320885 1.879707 -0.372548
v 0.818527 2.329082 0.654737
v 0.827531 2.311307 0.667252
v 1.320885 2.716339 0.332150
v 1.331780 2.725247 0.325877
v 1.322776 2.743021 0.313362
v 1.107787 2.716339 0.332150
v 0.827531 2.743021 0.313362
v 0.829421 2.716339 0.332150
v 1.042520 2.716339 0.332150
v 1.322776 2.311307 0.667252
v 1.320885 2.337990 0.648464
v 1.107787 2.337990 0.648464
v 1.320885 2.565596 0.488205
v 1.107787 1.933073 -0.410123
v 1.107787 2.565596 0.488205
v 1.320885 1.933073 -0.410123
v 1.353519 2.717884 0.331062
v 1.320885 2.716339 0.332150
v 1.320885 2.565596 0.488205
v 1.322776 2.360506 0.742882
v 1.353519 1.141150 -0.935483
v 1.322776 1.166287 -0.953183
v 1.322776 0.711076 -0.632663
v 1.353519 1.953929 1.079073
v 1.322776 1.928792 1.096773
v 0.827531 1.166287 -0.953183
v 0.796788 2.335369 0.760582
v 0.827531 2.360506 0.742882
v 0.827531 1.928792 1.096773
v 0.796788 0.736214 -0.650363
v 0.827531 0.711076 -0.632663
v 1.353519 2.335369 0.760582
v 1.322776 2.360506 0.742882
v 1.331780 2.342731 0.755398
v 0.827531 2.360506 0.742882
v 0.796788 2.335369 0.760582
v 0.796788 1.953929 1.079073
v 0.827531 1.928792 1.096773
v 0.818527 1.946567 1.084257
v 1.042520 2.333823 0.761670
v 1.042520 1.649391 -0.210380
v 1.042520 1.475152 -0.087696
v 1.042520 2.183080 0.917725
v 0.829421 1.955475 1.077985
v 0.829421 1.421786 -0.050120
v 0.829421 2.129714 0.955301
v 0.829421 1.247546 0.072564
v 1.107787 1.955475 1.077985
v 1.107787 1.421786 -0.050120
v 1.107787 2.129714 0.955301
v 1.107787 1.247546 0.072564
v 0.829421 2.129714 0.955301
v 1.042520 1.421786 -0.050120
v 1.042520 2.129714 0.955301
v 0.829421 1.421786 -0.050120
v 1.107787 2.333823 0.761670
v 1.107787 1.475152 -0.087696
v 1.107787 1.649391 -0.210380
v 1.107787 2.183080 0.917725
v 1.107787 2.129714 0.955301
v 1.107787 1.421786 -0.050120
v 1.320885 1.421786 -0.050120
v 1.320885 2.129714 0.955301
v 0.829421 2.333823 0.761670
v 0.829421 2.183080 0.917725
v 0.829421 1.475152 -0.087696
v 0.829421 1.649391 -0.210380
v 1.042520 1.955475 1.077985
v 1.042520 1.247546 0.072564
v 0.829421 1.247546 0.072564
v 0.829421 1.955475 1.077985
v 1.107787 2.333823 0.761670
v 1.107787 1.649391 -0.210380
v 1.320885 1.649391 -0.210380
v 1.320885 2.333823 0.761670
v 1.320885 1.955475 1.077985
v 1.107787 1.247546 0.072564
v 1.107787 1.955475 1.077985
v 1.320885 1.247546 0.072564
v 0.829421 2.333823 0.761670
v 1.042520 1.649391 -0.210380
v 1.042520 2.333823 0.761670
v 0.829421 1.649391 -0.210380
v 1.042520 2.129714 0.955301
v 1.042520 1.247546 0.072564
v 1.042520 1.955475 1.077985
v 1.042520 1.421786 -0.050120
v 1.042520 1.421786 -0.050120
v 0.829421 1.421786 -0.050120
v 0.829421 1.247546 0.072564
v 1.042520 1.247546 0.072564
v 1.320885 1.421786 -0.050120
v 1.107787 1.247546 0.072564
v 1.320885 1.247546 0.072564
v 1.107787 1.421786 -0.050120
v 1.320885 1.649391 -0.210380
v 1.107787 1.475152 -0.087696
v 1.320885 1.475152 -0.087696
v 1.107787 1.649391 -0.210380
v 1.042520 1.649391 -0.210380
v 0.829421 1.475152 -0.087696
v 1.042520 1.475152 -0.087696
v 0.829421 1.649391 -0.210380
v 0.796788 2.335369 0.760582
v 0.829421 2.183080 0.917725
v 0.829421 2.333823 0.761670
v 1.075153 2.156397 0.936513
v 1.075153 1.928792 1.096773
v 1.107787 1.955475 1.077985
v 1.042520 2.129714 0.955301
v 1.042520 1.955475 1.077985
v 1.107787 2.129714 0.955301
v 1.320885 2.129714 0.955301
v 0.829421 2.129714 0.955301
v 1.042520 2.183080 0.917725
v 0.829421 2.183080 0.917725
v 1.075153 2.156397 0.936513
v 1.320885 2.129714 0.955301
v 1.353519 2.156397 0.936513
v 1.075153 0.711076 -0.632663
v 1.075153 1.928792 1.096773
v 0.827531 1.928792 1.096773
v 0.827531 0.711076 -0.632663
v 1.322776 0.711076 -0.632663
v 1.322776 1.928792 1.096773
v 1.353519 2.156397 0.936513
v 1.107787 2.183080 0.917725
v 1.075153 2.156397 0.936513
v 1.075153 2.156397 0.936513
v 1.107787 2.333823 0.761670
v 1.075153 2.360506 0.742882
v 1.075153 0.938682 -0.792923
v 1.353519 0.736214 -0.650363
v 1.322776 0.711076 -0.632663
v 1.075153 2.156397 0.936513
v 0.829421 2.183080 0.917725
v 0.796788 2.156397 0.936513
v 0.796788 2.156397 0.936513
v 0.796788 0.736214 -0.650363
v 0.796788 1.953929 1.079073
v 0.796788 0.938682 -0.792923
v 0.796788 2.335369 0.760582
v 0.796788 1.141150 -0.935483
v 0.796788 0.938682 -0.792923
v 1.075153 2.360506 0.742882
v 1.042520 2.183080 0.917725
v 1.075153 2.156397 0.936513
v 0.796788 2.156397 0.936513
v 0.796788 1.953929 1.079073
v 0.829421 1.955475 1.077985
v 1.322776 1.166287 -0.953183
v 1.353519 1.953929 1.079073
v 1.320885 1.955475 1.077985
v 1.320885 2.333823 0.761670
v 1.320885 1.649391 -0.210380
v 1.320885 1.475152 -0.087696
v 1.320885 2.183080 0.917725
v 1.042520 2.183080 0.917725
v 1.042520 1.475152 -0.087696
v 0.829421 1.475152 -0.087696
v 0.829421 2.183080 0.917725
v 1.353519 0.736214 -0.650363
v 1.075153 1.166287 -0.953183
v 1.353519 0.938682 -0.792923
v 1.353519 1.141150 -0.935483
v 1.353519 2.335369 0.760582
v 1.353519 1.953929 1.079073
v 1.353519 0.736214 -0.650363
v 1.353519 2.156397 0.936513
v 1.320885 2.129714 0.955301
v 1.320885 1.247546 0.072564
v 1.320885 1.955475 1.077985
v 1.320885 1.421786 -0.050120
v 0.827531 1.928792 1.096773
v 1.322776 2.360506 0.742882
v 1.107787 2.333823 0.761670
v 1.320885 2.333823 0.761670
v 0.827531 2.360506 0.742882
v 0.829421 2.333823 0.761670
v 1.042520 2.333823 0.761670
v 1.322776 1.928792 1.096773
v 1.353519 1.953929 1.079073
v 1.331780 1.946567 1.084257
v 1.320885 2.183080 0.917725
v 1.107787 1.475152 -0.087696
v 1.107787 2.183080 0.917725
v 1.320885 1.475152 -0.087696
v 1.353519 2.335369 0.760582
v 1.320885 2.333823 0.761670
v 1.320885 2.183080 0.917725
v 1.075153 1.166287 -0.953183
v 1.075153 2.360506 0.742882
v 1.322776 2.360506 0.742882
v 1.322776 1.166287 -0.953183
v 0.827531 1.166287 -0.953183
v 0.827531 2.360506 0.742882
v -1.667973 0.986538 -0.784614
v -1.667973 2.161181 0.883649
v -1.667973 2.290505 0.756522
v -1.667973 1.962239 1.031217
v -1.667973 2.108541 0.928203
v -1.667973 0.930372 -0.745067
v -1.594890 2.740589 0.279854
v -1.404863 1.654935 -1.262025
v -1.594890 1.654935 -1.262025
v -1.404863 2.740589 0.279854
v -1.667973 1.444459 -1.107041
v -1.667973 2.673020 0.327002
v -1.667973 1.590761 -1.210055
v -1.667973 2.543696 0.454129
v -1.667973 2.344754 0.601696
v -1.667973 1.388293 -1.067494
v -1.667973 1.241990 -0.964481
v -1.667973 2.491056 0.498683
v -1.347268 2.740589 0.279854
v -1.157241 2.740589 0.279854
v -1.157241 1.654935 -1.262025
v -1.347268 1.654935 -1.262025
v -1.667973 0.986538 -0.784614
v -1.667973 2.290505 0.756522
v -1.667973 1.132841 -0.887627
v -1.667973 1.962239 1.031217
v -1.667973 0.930372 -0.745067
v -1.667973 0.784070 -0.642053
v -1.032591 2.740589 0.279854
v -0.842565 1.654935 -1.262025
v -1.032591 1.654935 -1.262025
v -0.842565 2.740589 0.279854
v -0.784969 2.740589 0.279854
v -0.594943 1.654935 -1.262025
v -0.784969 1.654935 -1.262025
v -0.594943 2.740589 0.279854
v 1.666250 1.654935 -1.262025
v 1.856276 2.740589 0.279854
v 1.856276 1.654935 -1.262025
v 1.666250 2.740589 0.279854
v 1.931787 1.444459 -1.107041
v 1.931787 1.590761 -1.210055
v 1.931787 2.673020 0.327002
v 1.931787 2.543696 0.454129
v 1.931787 1.388293 -1.067494
v 1.931787 2.344754 0.601696
v 1.931787 1.241990 -0.964481
v 1.931787 2.491056 0.498683
v 1.418628 1.654935 -1.262025
v 1.608654 2.740589 0.279854
v 1.608654 1.654935 -1.262025
v 1.418628 2.740589 0.279854
v 1.931787 0.986538 -0.784614
v 1.931787 1.132841 -0.887627
v 1.931787 2.290505 0.756522
v 1.931787 2.161181 0.883649
v 1.931787 0.930372 -0.745067
v 1.931787 2.108541 0.928203
v 1.931787 1.962239 1.031217
v 1.931787 0.784070 -0.642053
v 1.103951 1.654935 -1.262025
v 1.103951 2.740589 0.279854
v 1.293978 2.740589 0.279854
v 1.293978 1.654935 -1.262025
v 0.856329 1.654935 -1.262025
v 0.856329 2.740589 0.279854
v 1.046355 2.740589 0.279854
v 1.046355 1.654935 -1.262025
vn -0.0000 0.4044 -0.9146
vn 0.5150 0.7009 -0.4935
vn -0.0000 0.9974 -0.0724
vn -0.5150 0.7009 -0.4935
vn -0.9303 -0.2112 -0.2999
vn -0.9303 0.2999 -0.2112
vn -0.9303 0.2571 0.2616
vn -0.9303 -0.2999 0.2112
vn -0.9303 0.2112 0.2999
vn 0.9068 -0.3447 0.2427
vn 0.9068 0.2956 0.3007
vn 0.9068 0.3447 -0.2427
vn 0.9068 -0.2427 -0.3447
vn 0.9068 0.2427 0.3447
vn 1.0000 -0.0000 -0.0000
vn -0.0000 0.1711 -0.9853
vn -0.0000 0.9853 0.1711
vn -1.0000 -0.0000 -0.0000
vn -0.0000 -0.1711 0.9853
vn -0.0000 -0.9853 -0.1711
vn -0.7071 0.5782 -0.4071
vn -0.7071 -0.5782 0.4071
vn 0.7071 0.5782 -0.4071
vn 0.7071 -0.5782 0.4071
vn -0.0109 0.7192 0.6947
vn -0.0000 0.5757 0.8176
vn -0.1849 0.7068 0.6828
vn -0.0000 -0.5757 -0.8176
vn 0.1849 0.7068 0.6828
vn 0.0109 0.7192 0.6947
vn -0.1605 0.6919 0.7039
vn 0.1605 0.6919 0.7039
vn -0.1436 0.6811 0.7180
vn -0.0000 -0.8176 0.5757
vn -0.0000 0.8176 -0.5757
vn 0.1436 0.6811 0.7180
vt 0.638805 0.500000
vt 0.651737 0.503705
vt 0.737068 0.503705
vt 0.750000 0.500000
vt 0.737068 0.746295
vt 0.638805 0.750000
vt 0.750000 0.750000
vt 0.651737 0.746295
vt 0.762932 0.503705
vt 0.848263 0.503705
vt 0.861195 0.500000
vt 0.848263 0.746295
vt 0.861195 0.750000
vt 0.762932 0.746295
vt 0.762932 0.503705
vt 0.848263 0.503705
vt 0.848263 0.746295
vt 0.762932 0.746295
vt 0.651737 0.746295
vt 0.848263 0.746295
vt 0.737068 0.746295
vt 0.611195 0.500000
vt 0.500000 0.500000
vt 0.515423 0.504356
vt 0.611195 0.750000
vt 0.595772 0.504390
vt 0.595772 0.745557
vt 0.515423 0.745591
vt 0.500000 0.750000
vt 0.388805 0.500000
vt 0.404228 0.504327
vt 0.484577 0.504327
vt 0.484577 0.745673
vt 0.388805 0.750000
vt 0.404228 0.745673
vt 0.515423 0.504085
vt 0.595772 0.504114
vt 0.595772 0.745835
vt 0.515423 0.745865
vt 0.404228 0.504060
vt 0.484577 0.504059
vt 0.484577 0.745940
vt 0.404228 0.745940
vt 0.515423 0.504356
vt 0.515423 0.745591
vt 0.595772 0.504390
vt 0.404228 0.745673
vt 0.404228 0.504327
vt 0.515423 0.504085
vt 0.515423 0.745865
vt 0.595772 0.745835
vt 0.595772 0.504114
vt 0.404228 0.504060
vt 0.484577 0.745941
vt 0.484577 0.504059
vt 0.510000 0.250000
vt 0.750000 0.010000
vt 0.990000 0.250000
vt 0.250000 0.500000
vt 0.000000 0.500000
vt 0.000000 1.000000
vt 0.250000 1.000000
vt 0.500000 1.000000
vt 0.250000 0.010000
vt 0.010000 0.250000
vt 0.250000 0.490000
vt 0.750000 1.000000
vt 1.000000 1.000000
vt 0.361195 0.500000
vt 0.611195 0.000000
vt 0.611195 0.250000
vt 0.625000 0.250000
vt 0.125000 0.500000
vt 0.125000 0.750000
vt 0.138805 0.750000
vt 0.615473 0.990473
vt 0.509527 0.990473
vt 0.611195 1.000000
vt 0.618654 0.993654
vt 0.490473 0.759527
vt 0.490473 0.865473
vt 0.500000 0.875000
vt 0.625000 0.875000
vt 0.615473 0.865473
vt 0.509527 0.865473
vt 0.375000 0.486195
vt 0.500000 0.375000
vt 0.375000 0.263805
vt 0.375000 0.375000
vt 0.509527 0.884527
vt 0.615473 0.884527
vt 0.490473 0.990473
vt 0.384527 0.990473
vt 0.388805 1.000000
vt 0.381346 0.756346
vt 0.384527 0.759527
vt 0.625000 0.375000
vt 0.625000 0.486195
vt 0.500000 0.250000
vt 0.615473 0.759527
vt 0.625000 0.763805
vt 0.618654 0.756346
vt 0.625000 0.986195
vt 0.384527 0.865473
vt 0.375000 0.763805
vt 0.375000 0.875000
vt 0.509527 0.759527
vt 0.490473 0.884527
vt 0.375000 0.986195
vt 0.381346 0.993654
vt 0.384527 0.884527
vt 0.388805 0.250000
vt 0.625000 0.263805
vt 0.750000 0.490000
vt 0.490000 0.250000
vt 1.000000 0.500000
vt 0.500000 0.000000
vt 0.388805 0.000000
vt 0.361195 0.750000
vt 0.625000 0.000000
vt 0.138805 0.500000
vt 0.620513 0.754487
vt 0.620513 0.995513
vt 0.379487 0.995513
vt 0.250000 0.750000
vt 0.379487 0.754487
s 0
usemtl YellowGunsMissileTurret1
f 803/97/49 804/98/49 805/99/49
f 806/100/50 807/99/50 808/101/50
f 809/102/51 810/103/51 811/101/51
f 812/102/52 813/104/52 814/98/52
f 815/100/49 816/105/49 817/106/49
f 818/107/50 819/106/50 820/108/50
f 821/109/51 822/108/51 823/110/51
f 824/103/52 825/110/52 826/105/52
f 827/100/49 828/97/49 829/98/49
f 830/100/50 831/99/50 832/101/50
f 833/103/51 834/101/51 835/104/51
f 836/102/52 837/104/52 838/98/52
f 839/100/49 840/111/49 841/112/49
f 842/107/50 843/112/50 844/113/50
f 845/103/51 846/109/51 847/113/51
f 848/100/52 849/103/52 850/114/52
f 851/97/50 852/98/50 853/115/50
f 854/103/51 855/102/51 856/115/51
f 857/103/52 858/101/52 859/99/52
f 860/100/49 861/99/49 862/98/49
f 863/100/50 864/105/50 865/110/50
f 866/103/51 867/110/51 868/116/51
f 869/109/52 870/116/52 871/112/52
f 872/100/49 873/107/49 874/112/49
f 875/97/50 876/98/50 877/115/50
f 878/102/51 879/115/51 880/117/51
f 881/103/52 882/117/52 883/99/52
f 884/97/49 885/100/49 886/99/49
f 887/103/50 888/100/50 889/111/50
f 890/103/51 891/110/51 892/116/51
f 893/109/52 894/116/52 895/112/52
f 896/100/49 897/107/49 898/112/49
f 899/118/53 900/119/53 901/120/53
f 902/121/54 903/118/54 904/122/54
f 905/121/55 906/123/55 907/124/55
f 908/119/56 909/125/56 910/124/56
f 911/126/53 912/127/53 913/128/53
f 914/119/54 915/128/54 916/129/54
f 917/130/57 918/125/57 919/129/57
f 920/126/56 921/130/56 922/131/56
f 923/119/53 924/132/53 925/133/53
f 926/121/54 927/118/54 928/133/54
f 929/121/55 930/134/55 931/135/55
f 932/119/56 933/125/56 934/135/56
f 935/119/53 936/126/53 937/136/53
f 938/119/54 939/137/54 940/138/54
f 941/125/57 942/138/57 943/139/57
f 944/126/56 945/130/56 946/139/56
f 947/119/58 948/140/58 949/141/58
f 950/121/59 951/125/59 952/141/59
f 953/121/60 954/123/60 955/142/60
f 956/118/61 957/142/61 958/140/61
f 959/130/62 960/143/62 961/129/62
f 962/125/60 963/129/60 964/128/60
f 965/119/61 966/128/61 967/144/61
f 968/119/58 969/145/58 970/146/58
f 971/121/59 972/125/59 973/146/59
f 974/121/60 975/147/60 976/148/60
f 977/119/61 978/118/61 979/148/61
f 980/130/58 981/126/58 982/149/58
f 983/125/62 984/130/62 985/139/62
f 986/119/60 987/125/60 988/150/60
f 989/119/61 990/151/61 991/149/61
f 992/152/63 993/153/63 994/154/63
f 995/155/64 996/156/64 997/157/64
f 998/155/65 999/158/65 1000/159/65
f 1001/160/66 1002/161/66 1003/162/66
f 1004/100/67 1005/119/67 1006/159/67
f 1007/100/68 1008/163/68 1009/164/68
f 1010/158/64 1011/157/64 1012/156/64
f 1013/159/65 1014/158/65 1015/155/65
f 1016/162/63 1017/161/63 1018/160/63
s 1
f 1019/100/67 1020/163/67 1021/159/67
f 1022/164/68 1023/163/68 1024/100/68
s 0
f 1025/118/69 1026/121/69 1027/102/69
f 1028/130/70 1029/126/70 1030/165/70
f 1031/166/71 1032/167/71 1033/168/71
f 1034/169/72 1035/170/72 1036/171/72
f 1037/172/73 1038/173/73 1039/174/73
f 1040/174/74 1041/175/74 1042/172/74
f 1043/176/74 1044/177/74 1045/178/74
f 1046/179/75 1047/180/75 1048/181/75
f 1049/182/76 1050/126/76 1051/183/76
f 1052/184/76 1053/185/76 1051/183/76
f 1054/186/77 1055/187/77 1056/179/77
f 1057/188/74 1058/189/74 1059/190/74
f 1060/130/74 1061/191/74 1062/192/74
f 1063/193/76 1051/183/76 1064/194/76
f 1065/167/76 1066/195/76 1051/183/76
f 1067/196/74 1068/180/74 1069/197/74
f 1070/197/74 1071/198/74 1072/196/74
f 1073/187/74 1074/172/74 1075/199/74
f 1076/199/74 1077/179/74 1078/187/74
f 1079/200/74 1080/192/74 1081/201/74
f 1082/201/74 1083/202/74 1084/200/74
f 1085/203/78 1086/196/78 1087/121/78
s 1
f 1088/121/79 1089/125/79 1090/203/79
s 0
f 1091/118/69 1092/121/69 1093/102/69
s 1
f 1094/130/70 1095/126/70 1096/165/70
s 0
f 1097/166/71 1098/167/71 1099/168/71
f 1100/169/72 1101/170/72 1102/171/72
f 1103/172/73 1104/173/73 1105/174/73
f 1106/204/74 1107/188/74 1108/159/74
f 1109/176/74 1110/177/74 1111/178/74
f 1112/178/74 1113/181/74 1114/203/74
f 1115/180/77 1116/181/77 1117/178/77
f 1118/182/76 1119/126/76 1120/183/76
f 1121/173/74 1122/186/74 1123/178/74
f 1124/184/76 1125/185/76 1120/183/76
f 1126/186/77 1127/187/77 1128/179/77
f 1129/188/74 1130/189/74 1131/190/74
f 1132/192/74 1133/176/74 1134/130/74
f 1135/193/76 1120/183/76 1136/194/76
f 1137/167/76 1138/195/76 1120/183/76
f 1139/196/74 1140/180/74 1141/197/74
f 1142/197/74 1143/198/74 1144/196/74
f 1145/187/74 1146/172/74 1147/199/74
f 1148/199/74 1149/179/74 1150/187/74
f 1151/200/74 1152/192/74 1153/201/74
f 1154/201/74 1155/202/74 1156/200/74
f 1157/203/78 1158/196/78 1159/121/78
f 1160/121/79 1161/125/79 1162/203/79
f 1163/118/69 1164/121/69 1165/102/69
f 1166/130/70 1167/126/70 1168/165/70
f 1169/166/71 1170/167/71 1171/168/71
f 1172/169/72 1173/170/72 1174/171/72
f 1175/172/73 1176/173/73 1177/174/73
f 1178/174/74 1179/175/74 1180/172/74
f 1181/204/74 1182/188/74 1183/159/74
f 1184/125/74 1185/176/74 1186/177/74
f 1187/181/74 1188/203/74 1189/125/74
f 1190/180/77 1191/181/77 1192/178/77
f 1193/182/76 1194/126/76 1195/183/76
f 1196/184/76 1197/185/76 1195/183/76
f 1198/186/77 1199/187/77 1200/179/77
f 1201/188/74 1202/189/74 1203/190/74
f 1204/130/74 1205/191/74 1206/192/74
f 1207/193/76 1195/183/76 1208/194/76
f 1209/167/76 1210/195/76 1195/183/76
f 1211/205/74 1212/206/74 1213/189/74
f 1214/196/74 1215/180/74 1216/197/74
f 1217/187/74 1218/172/74 1219/199/74
f 1220/199/74 1221/179/74 1222/187/74
f 1223/200/74 1224/192/74 1225/201/74
f 1226/203/78 1227/196/78 1228/121/78
f 1229/121/79 1230/125/79 1231/203/79
f 1232/118/69 1233/121/69 1234/102/69
f 1235/130/70 1236/126/70 1237/165/70
f 1238/166/71 1239/167/71 1240/168/71
s 1
f 1241/169/72 1242/170/72 1243/171/72
s 0
f 1244/172/73 1245/173/73 1246/174/73
f 1247/174/74 1248/175/74 1249/172/74
f 1250/204/74 1251/188/74 1252/159/74
f 1253/181/74 1254/203/74 1255/125/74
f 1256/179/75 1257/180/75 1258/181/75
f 1259/182/76 1260/126/76 1261/183/76
f 1262/159/74 1263/173/74 1264/186/74
f 1265/184/76 1266/185/76 1261/183/76
f 1267/186/77 1268/187/77 1269/179/77
f 1270/188/74 1271/189/74 1272/190/74
f 1272/190/74 1273/159/74 1270/188/74
f 1274/192/74 1275/176/74 1276/130/74
f 1277/130/74 1278/191/74 1279/192/74
f 1280/193/76 1261/183/76 1281/194/76
f 1282/167/76 1283/195/76 1261/183/76
f 1284/189/74 1285/207/74 1286/205/74
f 1287/205/74 1288/206/74 1289/189/74
f 1290/196/74 1291/180/74 1292/197/74
f 1293/197/74 1294/198/74 1295/196/74
f 1296/187/74 1297/172/74 1298/199/74
f 1299/199/74 1300/179/74 1301/187/74
f 1302/200/74 1303/192/74 1304/201/74
f 1305/201/74 1306/202/74 1307/200/74
f 1308/203/78 1309/196/78 1310/121/78
f 1311/121/79 1312/125/79 1313/203/79
f 1314/102/71 1315/121/71 1316/118/71
f 1317/165/72 1318/126/72 1319/130/72
f 1320/168/69 1321/167/69 1322/166/69
f 1323/171/70 1324/170/70 1325/169/70
f 1326/174/79 1327/159/79 1328/173/79
f 1329/178/75 1330/181/75 1331/180/75
f 1332/182/76 1333/185/76 1334/183/76
f 1335/184/76 1336/208/76 1334/183/76
f 1333/185/76 1335/184/76 1334/183/76
f 1337/179/75 1338/187/75 1339/186/75
f 1340/190/74 1341/206/74 1342/189/74
f 1343/119/76 1334/183/76 1344/118/76
f 1345/167/76 1346/209/76 1334/183/76
f 1347/205/74 1348/202/74 1349/207/74
f 1350/197/74 1351/179/74 1352/180/74
f 1353/172/74 1354/175/74 1355/174/74
f 1356/199/74 1354/175/74 1353/172/74
f 1357/187/74 1358/179/74 1359/199/74
f 1360/196/74 1361/198/74 1362/197/74
f 1363/121/74 1361/198/74 1360/196/74
f 1364/203/80 1365/125/80 1366/121/80
f 1367/102/71 1368/121/71 1369/118/71
f 1370/165/72 1371/126/72 1372/130/72
f 1373/168/69 1374/167/69 1375/166/69
f 1376/171/70 1377/170/70 1378/169/70
f 1379/174/79 1380/159/79 1381/173/79
f 1382/172/74 1383/175/74 1384/174/74
f 1385/178/74 1386/159/74 1387/188/74
f 1388/178/75 1389/181/75 1390/180/75
f 1391/182/76 1392/185/76 1393/183/76
f 1394/178/74 1395/186/74 1396/173/74
f 1397/184/76 1398/208/76 1393/183/76
f 1392/185/76 1397/184/76 1393/183/76
f 1399/178/81 1400/179/81 1401/187/81
f 1402/119/76 1393/183/76 1403/118/76
f 1404/125/74 1405/203/74 1406/181/74
f 1407/167/76 1408/209/76 1393/183/76
f 1409/205/74 1410/202/74 1411/207/74
f 1412/189/74 1413/206/74 1414/205/74
f 1415/197/74 1416/179/74 1417/180/74
f 1418/196/74 1419/198/74 1420/197/74
f 1421/199/74 1422/175/74 1423/172/74
f 1424/121/74 1425/198/74 1426/196/74
f 1427/203/80 1428/125/80 1429/121/80
f 1430/102/71 1431/121/71 1432/118/71
f 1433/165/72 1434/126/72 1435/130/72
f 1436/168/69 1437/167/69 1438/166/69
f 1439/171/70 1440/170/70 1441/169/70
f 1442/174/79 1443/159/79 1444/173/79
f 1445/178/74 1446/159/74 1447/188/74
f 1448/178/75 1449/181/75 1450/180/75
f 1451/182/76 1452/185/76 1453/183/76
f 1454/184/76 1455/208/76 1453/183/76
f 1452/185/76 1454/184/76 1453/183/76
f 1456/179/75 1457/187/75 1458/186/75
f 1459/190/74 1460/206/74 1461/189/74
f 1462/119/76 1453/183/76 1463/118/76
f 1464/125/74 1465/203/74 1466/181/74
f 1467/192/74 1468/191/74 1469/130/74
f 1470/167/76 1471/209/76 1453/183/76
f 1472/205/74 1473/202/74 1474/207/74
f 1475/197/74 1476/179/74 1477/180/74
f 1478/172/74 1479/175/74 1480/174/74
f 1481/199/74 1479/175/74 1478/172/74
f 1482/187/74 1483/179/74 1481/199/74
f 1484/201/74 1485/191/74 1486/192/74
f 1487/200/74 1488/202/74 1489/201/74
f 1490/121/74 1491/198/74 1492/196/74
s 1
f 1493/203/80 1494/125/80 1495/121/80
s 0
f 1496/102/71 1497/121/71 1498/118/71
f 1499/165/72 1500/126/72 1501/130/72
f 1502/168/69 1503/167/69 1504/166/69
f 1505/171/70 1506/170/70 1507/169/70
f 1508/174/79 1509/159/79 1510/173/79
f 1511/172/74 1512/175/74 1513/174/74
f 1514/178/74 1515/159/74 1516/188/74
f 1517/178/75 1518/181/75 1519/180/75
f 1520/182/76 1521/185/76 1522/183/76
f 1523/184/76 1524/208/76 1522/183/76
f 1521/185/76 1523/184/76 1522/183/76
s 1
f 1525/179/75 1526/187/75 1527/186/75
s 0
f 1528/190/74 1529/206/74 1530/189/74
f 1531/119/76 1522/183/76 1532/118/76
f 1533/125/74 1534/203/74 1535/181/74
f 1536/192/74 1537/191/74 1538/130/74
f 1539/167/76 1540/209/76 1522/183/76
f 1541/205/74 1542/202/74 1543/207/74
f 1544/189/74 1545/206/74 1546/205/74
f 1547/197/74 1548/179/74 1549/180/74
f 1550/196/74 1551/198/74 1552/197/74
f 1553/199/74 1554/175/74 1555/172/74
f 1556/187/74 1557/179/74 1553/199/74
f 1558/201/74 1559/191/74 1560/192/74
f 1561/121/74 1562/198/74 1563/196/74
f 1564/203/80 1565/125/80 1566/121/80
f 1567/97/49 1568/99/49 1569/100/49
f 1570/100/50 1571/101/50 1572/103/50
f 1573/102/51 1574/101/51 1575/104/51
s 1
f 1576/102/52 1577/98/52 1578/97/52
s 0
f 1579/100/49 1580/106/49 1581/107/49
f 1582/107/50 1583/108/50 1584/109/50
s 1
f 1585/109/51 1586/110/51 1587/103/51
s 0
f 1588/103/52 1589/105/52 1590/100/52
f 1591/100/49 1592/98/49 1593/99/49
f 1594/100/50 1595/101/50 1596/103/50
f 1597/103/51 1598/104/51 1599/102/51
f 1600/102/52 1601/98/52 1602/97/52
f 1603/100/49 1604/112/49 1605/107/49
f 1606/107/50 1607/113/50 1608/109/50
f 1609/103/51 1610/113/51 1611/114/51
f 1612/100/52 1613/114/52 1614/111/52
f 1615/97/50 1616/115/50 1617/102/50
f 1618/103/51 1619/115/51 1620/101/51
f 1621/103/52 1622/99/52 1623/100/52
f 1624/100/49 1625/98/49 1626/97/49
f 1627/100/50 1628/110/50 1629/103/50
f 1630/103/51 1631/116/51 1632/109/51
f 1633/109/52 1634/112/52 1635/107/52
f 1636/100/49 1637/112/49 1638/105/49
f 1639/97/50 1640/115/50 1641/102/50
s 1
f 1642/102/51 1643/117/51 1644/103/51
s 0
f 1645/103/52 1646/99/52 1647/100/52
f 1648/97/49 1649/99/49 1650/98/49
f 1651/103/50 1652/111/50 1653/110/50
f 1654/103/51 1655/116/51 1656/109/51
f 1657/109/52 1658/112/52 1659/107/52
f 1660/100/49 1661/112/49 1662/111/49
f 1663/118/53 1664/120/53 1665/122/53
f 1666/121/54 1667/122/54 1668/123/54
s 1
f 1669/121/55 1670/124/55 1671/125/55
s 0
f 1672/119/56 1673/124/56 1674/120/56
f 1675/126/53 1676/128/53 1677/119/53
f 1678/119/54 1679/129/54 1680/125/54
f 1681/130/57 1682/129/57 1683/131/57
f 1684/126/56 1685/131/56 1686/127/56
f 1687/119/53 1688/133/53 1689/118/53
f 1690/121/54 1691/133/54 1692/134/54
f 1693/121/55 1694/135/55 1695/125/55
f 1696/119/56 1697/135/56 1698/132/56
f 1699/119/53 1700/136/53 1701/137/53
f 1702/119/54 1703/138/54 1704/125/54
f 1705/125/57 1706/139/57 1707/130/57
f 1708/126/56 1709/139/56 1710/136/56
f 1711/119/58 1712/141/58 1713/125/58
f 1714/121/59 1715/141/59 1716/123/59
f 1717/121/60 1718/142/60 1719/118/60
f 1720/118/61 1721/140/61 1722/119/61
f 1723/126/58 1724/144/58 1725/143/58
s 1
f 1723/126/58 1725/143/58 1726/130/58
s 0
f 1727/130/62 1728/129/62 1729/125/62
f 1730/125/60 1731/128/60 1732/119/60
f 1733/119/61 1734/144/61 1735/126/61
f 1736/119/58 1737/146/58 1738/125/58
f 1739/121/59 1740/146/59 1741/147/59
f 1742/121/60 1743/148/60 1744/118/60
f 1745/119/61 1746/148/61 1747/145/61
f 1748/130/58 1749/149/58 1750/139/58
f 1751/125/62 1752/139/62 1753/150/62
f 1754/119/60 1755/150/60 1756/151/60
f 1757/119/61 1758/149/61 1759/126/61
f 1760/152/63 1761/154/63 1762/210/63
f 1763/155/64 1764/157/64 1765/158/64
s 1
f 1766/155/65 1767/159/65 1768/119/65
s 0
f 1769/160/66 1770/162/66 1771/211/66
f 1772/100/67 1773/159/67 1774/163/67
f 1775/100/68 1776/164/68 1777/212/68
f 1778/154/66 1779/152/66 1780/210/66
f 1778/154/66 1781/153/66 1779/152/66
f 1782/158/64 1783/156/64 1784/155/64
f 1785/159/65 1786/155/65 1787/119/65
f 1788/162/63 1789/160/63 1790/211/63
f 1791/100/67 1792/159/67 1793/119/67
f 1794/164/68 1795/100/68 1796/212/68
f 1797/208/63 1798/195/63 1799/213/63
f 1797/208/63 1799/213/63 1800/214/63
f 1801/118/69 1802/102/69 1803/97/69
f 1804/130/70 1805/165/70 1806/215/70
f 1807/166/71 1808/168/71 1809/216/71
f 1810/169/72 1811/171/72 1812/217/72
f 1813/121/74 1814/198/74 1815/218/74
f 1816/219/74 1817/175/74 1818/174/74
f 1819/220/74 1820/206/74 1821/205/74
f 1822/186/63 1823/187/63 1824/187/63
f 1822/186/63 1824/187/63 1825/186/63
f 1826/188/66 1827/189/66 1828/189/66
f 1826/188/66 1828/189/66 1829/188/66
f 1830/177/66 1831/200/66 1832/177/66
f 1830/177/66 1833/200/66 1831/200/66
f 1834/204/82 1835/188/82 1836/188/82
f 1834/204/82 1836/188/82 1837/204/82
f 1838/180/66 1839/180/66 1840/181/66
f 1838/180/66 1840/181/66 1841/181/66
f 1842/176/82 1843/177/82 1844/177/82
f 1842/176/82 1844/177/82 1845/176/82
f 1846/172/66 1847/173/66 1848/173/66
f 1846/172/66 1849/172/66 1847/173/66
f 1850/189/83 1851/207/83 1852/207/83
f 1850/189/83 1852/207/83 1853/189/83
f 1854/196/82 1855/180/82 1856/180/82
f 1854/196/82 1856/180/82 1857/196/82
f 1858/200/83 1859/192/83 1860/192/83
f 1858/200/83 1860/192/83 1861/200/83
f 1862/187/82 1863/172/82 1864/172/82
f 1862/187/82 1864/172/82 1865/187/82
f 1866/207/63 1867/204/63 1868/204/63
f 1866/207/63 1868/204/63 1869/207/63
f 1870/189/74 1871/188/74 1872/204/74
f 1870/189/74 1872/204/74 1873/207/74
f 1874/200/74 1875/176/74 1876/192/74
f 1874/200/74 1877/177/74 1875/176/74
f 1878/181/74 1879/196/74 1880/203/74
f 1878/181/74 1881/180/74 1879/196/74
f 1882/173/74 1883/172/74 1884/187/74
f 1882/173/74 1884/187/74 1885/186/74
f 1886/173/80 1887/159/80 1888/174/80
f 1889/171/82 1890/155/82 1891/217/82
f 1889/171/82 1892/221/82 1890/155/82
f 1893/204/74 1894/159/74 1895/178/74
f 1893/204/74 1057/188/74 1894/159/74
f 1896/177/74 1897/202/74 1895/178/74
f 1896/177/74 1898/200/74 1897/202/74
f 1892/221/82 1899/165/82 1890/155/82
f 1892/221/82 1900/215/82 1899/165/82
f 1901/179/84 1902/181/84 1903/178/84
f 1050/126/76 1904/119/76 1051/183/76
f 1895/178/74 1905/203/74 1906/125/74
f 1895/178/74 1907/181/74 1905/203/74
f 1908/173/74 1909/186/74 1895/178/74
f 1908/173/74 1895/178/74 1894/159/74
f 1798/195/63 1910/167/63 1911/166/63
f 1798/195/63 1911/166/63 1799/213/63
f 1912/208/76 1052/184/76 1051/183/76
f 1913/186/81 1914/179/81 1915/178/81
f 1059/190/74 1894/159/74 1057/188/74
f 1058/189/74 1916/206/74 1059/190/74
f 1058/189/74 1917/207/74 1918/205/74
f 1051/183/76 1066/195/76 1912/208/76
f 1051/183/76 1063/193/76 1919/209/76
f 1051/183/76 1904/119/76 1920/118/76
f 1051/183/76 1053/185/76 1049/182/76
f 1064/194/76 1051/183/76 1920/118/76
f 1921/176/74 1895/178/74 1906/125/74
f 1921/176/74 1906/125/74 1922/130/74
f 1923/203/63 1924/196/63 1925/203/63
f 1923/203/63 1926/196/63 1924/196/63
f 1927/173/83 1928/186/83 1929/186/83
f 1927/173/83 1929/186/83 1930/173/83
f 1931/183/76 1932/209/76 1933/167/76
f 1934/192/63 1935/176/63 1936/176/63
f 1934/192/63 1936/176/63 1937/192/63
f 1918/205/74 1916/206/74 1058/189/74
f 1917/207/74 1893/204/74 1895/178/74
f 1917/207/74 1897/202/74 1918/205/74
f 1917/207/74 1895/178/74 1897/202/74
f 1938/180/74 1939/179/74 1940/197/74
f 1941/172/74 1942/175/74 1943/199/74
f 1944/201/74 1945/191/74 1946/222/74
f 1947/192/74 1945/191/74 1944/201/74
f 1947/192/74 1921/176/74 1922/130/74
f 1948/181/83 1949/203/83 1950/181/83
f 1948/181/83 1951/203/83 1949/203/83
f 1072/196/74 1071/198/74 1952/121/74
f 1953/208/63 1954/195/63 1955/213/63
f 1953/208/63 1955/213/63 1956/214/63
f 1957/118/69 1958/102/69 1959/97/69
f 1960/130/70 1961/165/70 1962/215/70
f 1963/166/71 1964/168/71 1965/216/71
f 1966/169/72 1967/171/72 1968/217/72
f 1969/121/74 1970/198/74 1971/218/74
f 1972/201/74 1973/191/74 1974/222/74
f 1975/174/74 1976/175/74 1977/172/74
f 1978/219/74 1976/175/74 1975/174/74
f 1979/220/74 1980/206/74 1981/205/74
f 1982/186/63 1983/187/63 1984/186/63
f 1982/186/63 1985/187/63 1983/187/63
f 1986/188/66 1987/189/66 1988/189/66
f 1986/188/66 1988/189/66 1989/188/66
f 1990/177/66 1991/200/66 1992/200/66
f 1990/177/66 1992/200/66 1993/177/66
f 1994/204/82 1995/188/82 1996/188/82
f 1994/204/82 1996/188/82 1997/204/82
f 1998/180/66 1999/180/66 2000/181/66
f 1998/180/66 2000/181/66 2001/181/66
f 2002/176/82 2003/177/82 2004/177/82
f 2002/176/82 2004/177/82 2005/176/82
f 2006/172/66 2007/172/66 2008/173/66
f 2006/172/66 2008/173/66 2009/173/66
f 2010/189/83 2011/207/83 2012/207/83
f 2010/189/83 2012/207/83 2013/189/83
f 2014/196/82 2015/180/82 2016/196/82
f 2014/196/82 2017/180/82 2015/180/82
f 2018/200/83 2019/192/83 2020/192/83
f 2018/200/83 2020/192/83 2021/200/83
f 2022/187/82 2023/172/82 2024/172/82
f 2022/187/82 2024/172/82 2025/187/82
f 2026/207/63 2027/204/63 2028/207/63
f 2026/207/63 2029/204/63 2027/204/63
f 2030/189/74 2031/204/74 2032/207/74
f 2030/189/74 2033/188/74 2031/204/74
f 2034/200/74 2035/176/74 2036/192/74
f 2034/200/74 2037/177/74 2035/176/74
f 2038/181/74 2039/180/74 2040/196/74
f 2038/181/74 2040/196/74 2041/203/74
f 2042/173/74 2043/187/74 2044/186/74
f 2042/173/74 2045/172/74 2043/187/74
f 2046/173/80 2047/159/80 2048/174/80
f 2049/171/82 2050/155/82 2051/217/82
f 2049/171/82 2052/221/82 2050/155/82
f 2053/204/74 2054/159/74 2055/178/74
f 2056/102/83 2057/100/83 2058/97/83
f 2056/102/83 2059/103/83 2057/100/83
f 2060/176/74 2061/178/74 2062/125/74
f 2052/221/82 2063/165/82 2050/155/82
f 2052/221/82 2064/215/82 2063/165/82
f 2065/178/74 2066/203/74 2067/125/74
f 2068/180/81 2069/178/81 2070/179/81
f 1119/126/76 2071/119/76 1120/183/76
f 2055/178/74 2072/177/74 2073/200/74
f 2055/178/74 2073/200/74 2074/202/74
f 2075/173/74 2055/178/74 2054/159/74
f 1954/195/63 2076/167/63 2077/166/63
f 1954/195/63 2077/166/63 1955/213/63
f 2078/208/76 1124/184/76 1120/183/76
f 2079/186/81 2080/179/81 2081/178/81
f 1131/190/74 2054/159/74 1129/188/74
f 1130/189/74 2082/207/74 2083/205/74
f 1130/189/74 2084/206/74 1131/190/74
f 1120/183/76 1138/195/76 2078/208/76
f 1120/183/76 2071/119/76 2085/118/76
f 1120/183/76 1135/193/76 2086/209/76
f 1120/183/76 1125/185/76 1118/182/76
f 1136/194/76 1120/183/76 2085/118/76
f 1134/130/74 1973/191/74 1132/192/74
f 1133/176/74 2087/125/74 1134/130/74
f 2088/203/63 2089/196/63 2090/203/63
f 2088/203/63 2091/196/63 2089/196/63
f 2092/173/83 2093/186/83 2094/186/83
f 2092/173/83 2094/186/83 2095/173/83
f 2096/183/76 2097/209/76 2098/167/76
f 2099/192/63 2100/176/63 2101/176/63
f 2099/192/63 2101/176/63 2102/192/63
f 2083/205/74 2084/206/74 1130/189/74
f 2082/207/74 2055/178/74 2074/202/74
f 2082/207/74 2053/204/74 2055/178/74
f 2082/207/74 2074/202/74 2083/205/74
f 1140/180/74 2103/179/74 1141/197/74
f 2104/172/74 2105/175/74 2106/199/74
f 2107/192/74 2108/191/74 2109/201/74
f 2110/181/83 2111/203/83 2112/181/83
f 2110/181/83 2113/203/83 2111/203/83
f 2114/196/74 2115/198/74 2116/121/74
f 2059/103/83 2117/107/83 2057/100/83
f 2059/103/83 2118/109/83 2117/107/83
f 2119/208/63 2120/195/63 2121/213/63
f 2119/208/63 2121/213/63 2122/214/63
f 2123/118/69 2124/102/69 2125/97/69
f 2126/130/70 2127/165/70 2128/215/70
f 2129/166/71 2130/168/71 2131/216/71
f 2132/169/72 2133/171/72 2134/217/72
f 2135/121/74 2136/198/74 2137/218/74
f 2138/201/74 2139/191/74 2140/222/74
f 2141/219/74 2142/175/74 2143/174/74
f 2144/220/74 2145/206/74 2146/205/74
f 2147/186/63 2148/187/63 2149/187/63
f 2147/186/63 2149/187/63 2150/186/63
f 2151/188/66 2152/189/66 2153/189/66
f 2151/188/66 2153/189/66 2154/188/66
f 2155/177/66 2156/200/66 2157/200/66
f 2155/177/66 2157/200/66 2158/177/66
f 2159/204/82 2160/188/82 2161/204/82
f 2159/204/82 2162/188/82 2160/188/82
f 2163/180/66 2164/180/66 2165/181/66
f 2163/180/66 2165/181/66 2166/181/66
f 2167/176/82 2168/177/82 2169/177/82
f 2167/176/82 2169/177/82 2170/176/82
f 2171/172/66 2172/172/66 2173/173/66
f 2171/172/66 2173/173/66 2174/173/66
f 2175/189/83 2176/207/83 2177/189/83
f 2175/189/83 2178/207/83 2176/207/83
f 2179/196/82 2180/180/82 2181/196/82
f 2179/196/82 2182/180/82 2180/180/82
f 2183/200/83 2184/192/83 2185/200/83
f 2183/200/83 2186/192/83 2184/192/83
f 2187/187/82 2188/172/82 2189/187/82
f 2187/187/82 2190/172/82 2188/172/82
f 2191/207/63 2192/204/63 2193/207/63
f 2191/207/63 2194/204/63 2192/204/63
f 2195/189/74 2196/204/74 2197/207/74
f 2195/189/74 2198/188/74 2196/204/74
f 2199/200/74 2200/176/74 2201/192/74
f 2199/200/74 2202/177/74 2200/176/74
f 2203/181/74 2204/196/74 2205/203/74
f 2203/181/74 2206/180/74 2204/196/74
f 2207/173/74 2208/187/74 2209/186/74
f 2207/173/74 2210/172/74 2208/187/74
f 2211/173/80 2212/159/80 2213/174/80
f 2214/171/82 2215/155/82 2216/217/82
f 2214/171/82 2217/221/82 2215/155/82
f 2218/204/74 2219/159/74 2220/178/74
f 2221/177/74 2222/202/74 2220/178/74
f 2221/177/74 2223/200/74 2222/202/74
f 2217/221/82 2224/215/82 2225/165/82
f 2217/221/82 2225/165/82 2215/155/82
f 2226/181/74 2227/125/74 2220/178/74
f 2228/180/81 2229/178/81 2230/179/81
f 1194/126/76 2231/119/76 1195/183/76
f 2219/159/74 2232/173/74 2233/186/74
f 2219/159/74 2233/186/74 2220/178/74
f 2120/195/63 2234/167/63 2235/166/63
f 2120/195/63 2235/166/63 2121/213/63
f 2236/208/76 1196/184/76 1195/183/76
f 2237/186/81 2238/179/81 2239/178/81
f 1203/190/74 2219/159/74 1201/188/74
f 1202/189/74 2240/206/74 1203/190/74
f 1202/189/74 2241/207/74 2242/205/74
f 1195/183/76 1210/195/76 2236/208/76
f 1195/183/76 1207/193/76 2243/209/76
f 1195/183/76 2231/119/76 2244/118/76
f 1195/183/76 1197/185/76 1193/182/76
f 1208/194/76 1195/183/76 2244/118/76
f 2227/125/74 2221/177/74 2220/178/74
f 2245/176/74 2227/125/74 2246/130/74
f 2247/203/63 2248/196/63 2249/196/63
f 2247/203/63 2249/196/63 2250/203/63
f 2251/173/83 2252/186/83 2253/186/83
f 2251/173/83 2253/186/83 2254/173/83
f 2255/183/76 2256/209/76 2257/167/76
f 2258/119/66 2259/125/66 2260/121/66
f 2258/119/66 2260/121/66 2261/118/66
f 2262/130/66 2258/119/66 2263/126/66
f 2262/130/66 2259/125/66 2258/119/66
f 2264/192/63 2265/176/63 2266/192/63
f 2264/192/63 2267/176/63 2265/176/63
f 2241/207/74 2220/178/74 2222/202/74
f 2241/207/74 2222/202/74 2242/205/74
f 2241/207/74 2218/204/74 2220/178/74
f 1216/197/74 2268/198/74 1214/196/74
f 1215/180/74 2269/179/74 1216/197/74
f 2270/172/74 2271/175/74 2272/199/74
f 2273/201/74 2222/202/74 2223/200/74
f 2274/192/74 2275/191/74 2273/201/74
f 2274/192/74 2245/176/74 2246/130/74
f 2276/181/83 2277/203/83 2278/203/83
f 2276/181/83 2278/203/83 2279/181/83
f 2280/196/74 2281/198/74 2282/121/74
f 2283/208/63 2284/213/63 2285/214/63
f 2283/208/63 2286/195/63 2284/213/63
f 2287/118/69 2288/102/69 2289/97/69
f 2290/130/70 2291/165/70 2292/215/70
f 2293/166/71 2294/168/71 2295/216/71
f 2296/169/72 2297/171/72 2298/217/72
f 2299/121/74 2300/198/74 2301/218/74
f 2302/201/74 2303/191/74 2304/222/74
f 2305/219/74 2306/175/74 2307/174/74
f 2308/220/74 2309/206/74 2310/205/74
f 2311/186/63 2312/187/63 2313/186/63
f 2311/186/63 2314/187/63 2312/187/63
f 2315/188/66 2316/189/66 2317/189/66
f 2315/188/66 2317/189/66 2318/188/66
f 2319/177/66 2320/200/66 2321/200/66
f 2319/177/66 2321/200/66 2322/177/66
f 2323/204/82 2324/188/82 2325/204/82
f 2323/204/82 2326/188/82 2324/188/82
f 2327/180/66 2328/181/66 2329/181/66
f 2327/180/66 2330/180/66 2328/181/66
f 2331/176/82 2332/177/82 2333/176/82
f 2331/176/82 2334/177/82 2332/177/82
f 2335/172/66 2336/173/66 2337/173/66
f 2335/172/66 2338/172/66 2336/173/66
f 2339/189/83 2340/207/83 2341/189/83
f 2339/189/83 2342/207/83 2340/207/83
f 2343/196/82 2344/180/82 2345/180/82
f 2343/196/82 2345/180/82 2346/196/82
f 2347/200/83 2348/192/83 2349/192/83
f 2347/200/83 2349/192/83 2350/200/83
f 2351/187/82 2352/172/82 2353/172/82
f 2351/187/82 2353/172/82 2354/187/82
f 2355/207/63 2356/204/63 2357/204/63
f 2355/207/63 2357/204/63 2358/207/63
f 2359/189/74 2360/204/74 2361/207/74
f 2359/189/74 2362/188/74 2360/204/74
f 2363/200/74 2364/176/74 2365/192/74
f 2363/200/74 2366/177/74 2364/176/74
f 2367/181/74 2368/196/74 2369/203/74
f 2367/181/74 2370/180/74 2368/196/74
f 2371/173/74 2372/187/74 2373/186/74
f 2371/173/74 2374/172/74 2372/187/74
f 2375/173/80 2376/159/80 2377/174/80
f 2378/171/82 2379/221/82 2380/155/82
f 2378/171/82 2380/155/82 2381/217/82
f 2382/204/74 2383/159/74 2384/178/74
f 2385/207/74 2386/204/74 2387/178/74
f 2385/207/74 2387/178/74 2388/202/74
f 2389/102/83 2390/103/83 2391/100/83
f 2389/102/83 2391/100/83 2392/97/83
f 2393/125/74 2394/177/74 2395/178/74
f 2379/221/82 2396/215/82 2397/165/82
f 2379/221/82 2397/165/82 2380/155/82
f 2387/178/74 2398/177/74 2399/200/74
f 2387/178/74 2399/200/74 2388/202/74
f 2400/181/74 2401/125/74 2387/178/74
f 2402/179/84 2403/181/84 2404/178/84
f 1260/126/76 2405/119/76 1261/183/76
f 2406/159/74 2407/186/74 2408/178/74
f 2286/195/63 2409/167/63 2410/166/63
f 2286/195/63 2410/166/63 2284/213/63
f 2411/208/76 1265/184/76 1261/183/76
f 2412/186/81 2413/179/81 2414/178/81
f 2415/189/74 2416/206/74 2417/190/74
f 1261/183/76 2405/119/76 2418/118/76
f 1261/183/76 1266/185/76 1259/182/76
f 1261/183/76 1280/193/76 2419/209/76
f 1261/183/76 1283/195/76 2411/208/76
f 1281/194/76 1261/183/76 2418/118/76
f 2401/125/74 1275/176/74 2398/177/74
f 1275/176/74 2401/125/74 1276/130/74
f 2420/203/63 2421/196/63 2422/196/63
f 2420/203/63 2422/196/63 2423/203/63
f 2424/173/83 2425/186/83 2426/186/83
f 2424/173/83 2426/186/83 2427/173/83
f 2428/183/76 2429/209/76 2430/167/76
f 2431/119/66 2432/121/66 2433/118/66
f 2431/119/66 2434/125/66 2432/121/66
f 2435/130/66 2434/125/66 2431/119/66
f 2435/130/66 2431/119/66 2436/126/66
f 2437/192/63 2438/176/63 2439/192/63
f 2437/192/63 2440/176/63 2438/176/63
f 2441/207/74 2442/202/74 2443/205/74
f 2444/180/74 2445/179/74 2446/197/74
f 2447/172/74 2448/175/74 2449/199/74
f 2450/192/74 2451/191/74 2452/201/74
f 2453/181/83 2454/203/83 2455/203/83
f 2453/181/83 2455/203/83 2456/181/83
f 2457/196/74 2458/198/74 2459/121/74
f 2390/103/83 2460/107/83 2391/100/83
f 2390/103/83 2461/109/83 2460/107/83
f 2462/102/71 2463/118/71 2464/97/71
f 2465/165/72 2466/130/72 2467/215/72
f 2468/168/69 2469/166/69 2470/216/69
f 2471/171/70 2472/169/70 2473/217/70
f 2474/121/74 2475/218/74 2476/198/74
f 2477/201/74 2478/222/74 2479/191/74
f 2480/219/74 1355/174/74 1354/175/74
f 2481/220/74 2482/205/74 2483/206/74
f 2484/187/66 2485/187/66 2486/186/66
f 2484/187/66 2486/186/66 2487/186/66
f 2488/189/63 2489/188/63 2490/188/63
f 2488/189/63 2491/189/63 2489/188/63
f 2492/200/63 2493/177/63 2494/177/63
f 2492/200/63 2495/200/63 2493/177/63
f 2496/188/82 2497/188/82 2498/204/82
f 2496/188/82 2498/204/82 2499/204/82
f 2500/180/63 2501/181/63 2502/180/63
f 2500/180/63 2503/181/63 2501/181/63
f 2504/177/82 2505/176/82 2506/176/82
f 2504/177/82 2507/177/82 2505/176/82
f 2508/172/63 2509/173/63 2510/172/63
f 2508/172/63 2511/173/63 2509/173/63
f 2512/207/83 2513/189/83 2514/189/83
f 2512/207/83 2515/207/83 2513/189/83
f 2516/180/82 2517/196/82 2518/196/82
f 2516/180/82 2519/180/82 2517/196/82
f 2520/192/83 2521/200/83 2522/200/83
f 2520/192/83 2523/192/83 2521/200/83
f 2524/172/82 2525/172/82 2526/187/82
f 2524/172/82 2526/187/82 2527/187/82
f 2528/204/66 2529/204/66 2530/207/66
f 2528/204/66 2530/207/66 2531/207/66
f 2532/204/74 2533/189/74 2534/207/74
f 2532/204/74 2535/188/74 2533/189/74
f 2536/176/74 2537/200/74 2538/192/74
f 2536/176/74 2539/177/74 2537/200/74
f 2540/196/74 2541/181/74 2542/203/74
f 2540/196/74 2543/180/74 2541/181/74
f 2544/187/74 2545/173/74 2546/186/74
f 2544/187/74 2547/172/74 2545/173/74
f 2548/174/78 2549/173/78 2550/172/78
f 2551/202/74 2552/177/74 2553/178/74
f 2551/202/74 2554/200/74 2552/177/74
f 2551/202/74 2553/178/74 2555/204/74
f 2551/202/74 2555/204/74 2556/207/74
f 2557/155/82 2558/171/82 2559/217/82
f 2557/155/82 2560/221/82 2558/171/82
f 2561/165/82 2562/215/82 2560/221/82
f 2561/165/82 2560/221/82 2557/155/82
f 2563/125/74 2564/181/74 2553/178/74
f 2563/125/74 2565/203/74 2564/181/74
s 1
f 2566/178/84 2567/180/84 2568/179/84
s 0
f 2569/183/76 2570/126/76 2571/182/76
f 2553/178/74 2572/176/74 2563/125/74
f 2553/178/74 2573/186/74 2574/173/74
f 2553/178/74 2552/177/74 2572/176/74
f 2553/178/74 2574/173/74 2575/159/74
f 2553/178/74 2576/188/74 2555/204/74
f 2553/178/74 2575/159/74 2576/188/74
f 2577/213/66 2578/195/66 2579/208/66
f 2577/213/66 2579/208/66 2580/214/66
f 2581/166/66 2578/195/66 2577/213/66
f 2581/166/66 2582/167/66 2578/195/66
f 1336/208/76 2583/195/76 1334/183/76
f 2584/179/84 2585/186/84 2586/178/84
f 2576/188/74 2575/159/74 2587/190/74
f 2587/190/74 2588/189/74 2576/188/74
f 1344/118/76 1334/183/76 2589/194/76
f 2590/130/74 2572/176/74 2591/192/74
f 2590/130/74 2563/125/74 2572/176/74
f 2592/196/66 2593/196/66 2594/203/66
f 2592/196/66 2594/203/66 2595/203/66
f 2596/186/83 2597/186/83 2598/173/83
f 2596/186/83 2598/173/83 2599/173/83
f 1334/183/76 2583/195/76 1345/167/76
f 1334/183/76 2600/193/76 2589/194/76
f 1334/183/76 1343/119/76 2601/126/76
f 1346/209/76 2600/193/76 1334/183/76
f 2602/176/66 2603/192/66 2604/192/66
f 2602/176/66 2605/176/66 2603/192/66
f 2588/189/74 2606/206/74 2607/205/74
f 2607/205/74 2556/207/74 2588/189/74
f 2608/197/74 2609/180/74 2610/196/74
f 2611/199/74 2612/172/74 2613/187/74
f 2554/200/74 2551/202/74 2614/201/74
f 2591/192/74 2615/191/74 2590/130/74
f 2614/201/74 2615/191/74 2591/192/74
f 2614/201/74 2591/192/74 2554/200/74
f 2616/203/83 2617/203/83 2618/181/83
f 2616/203/83 2618/181/83 2619/181/83
f 2620/121/73 2621/196/73 2622/203/73
f 2623/102/71 2624/118/71 2625/97/71
f 2626/165/72 2627/130/72 2628/215/72
f 2629/168/69 2630/166/69 2631/216/69
f 2632/171/70 2633/169/70 2634/217/70
f 2635/121/74 2636/218/74 2637/198/74
f 2638/219/74 2639/174/74 2640/175/74
f 2641/220/74 2642/205/74 2643/206/74
f 2644/187/66 2645/186/66 2646/186/66
f 2644/187/66 2647/187/66 2645/186/66
f 2648/189/63 2649/188/63 2650/188/63
f 2648/189/63 2651/189/63 2649/188/63
f 2652/200/63 2653/200/63 2654/177/63
f 2652/200/63 2654/177/63 2655/177/63
f 2656/188/82 2657/188/82 2658/204/82
f 2656/188/82 2658/204/82 2659/204/82
f 2660/180/63 2661/181/63 2662/181/63
f 2660/180/63 2662/181/63 2663/180/63
f 2664/177/82 2665/177/82 2666/176/82
f 2664/177/82 2666/176/82 2667/176/82
f 2668/172/63 2669/173/63 2670/172/63
f 2668/172/63 2671/173/63 2669/173/63
f 2672/207/83 2673/207/83 2674/189/83
f 2672/207/83 2674/189/83 2675/189/83
f 2676/180/82 2677/180/82 2678/196/82
f 2676/180/82 2678/196/82 2679/196/82
f 2680/192/83 2681/192/83 2682/200/83
f 2680/192/83 2682/200/83 2683/200/83
f 2684/172/82 2685/172/82 2686/187/82
f 2684/172/82 2686/187/82 2687/187/82
f 2688/204/66 2689/204/66 2690/207/66
f 2688/204/66 2690/207/66 2691/207/66
f 2692/204/74 2693/188/74 2694/189/74
f 2692/204/74 2694/189/74 2695/207/74
f 2696/176/74 2697/200/74 2698/192/74
f 2696/176/74 2699/177/74 2697/200/74
f 2700/196/74 2701/180/74 2702/181/74
f 2700/196/74 2702/181/74 2703/203/74
f 2704/187/74 2705/173/74 2706/186/74
f 2704/187/74 2707/172/74 2705/173/74
f 2708/174/78 2709/173/78 2710/172/78
f 2711/178/74 2712/188/74 2713/204/74
f 2714/178/74 2715/177/74 2716/176/74
f 2714/178/74 2717/204/74 2718/207/74
f 2714/178/74 2719/202/74 2720/200/74
f 2714/178/74 2718/207/74 2719/202/74
f 2714/178/74 2720/200/74 2715/177/74
f 2721/178/74 2722/176/74 2723/125/74
f 2724/155/82 2725/171/82 2726/217/82
f 2724/155/82 2727/221/82 2725/171/82
f 2728/165/82 2727/221/82 2724/155/82
f 2728/165/82 2729/215/82 2727/221/82
f 2730/125/74 2731/181/74 2732/178/74
f 2733/178/84 2734/180/84 2735/179/84
f 2736/183/76 2737/126/76 2738/182/76
f 2739/178/74 2740/173/74 2741/159/74
f 2742/213/66 2743/195/66 2744/208/66
f 2742/213/66 2744/208/66 2745/214/66
f 2746/166/66 2747/167/66 2743/195/66
f 2746/166/66 2743/195/66 2742/213/66
f 1398/208/76 2748/195/76 1393/183/76
f 2749/178/77 2750/187/77 2751/186/77
f 2752/188/74 2753/159/74 2754/190/74
f 2754/190/74 2755/206/74 2756/189/74
f 2754/190/74 2756/189/74 2752/188/74
f 1403/118/76 1393/183/76 2757/194/76
f 2758/130/74 2716/176/74 2759/192/74
f 2758/130/74 1404/125/74 2716/176/74
f 2760/196/66 2761/203/66 2762/203/66
f 2760/196/66 2763/196/66 2761/203/66
f 2764/186/83 2765/173/83 2766/173/83
f 2764/186/83 2767/186/83 2765/173/83
f 1393/183/76 1402/119/76 2768/126/76
f 1393/183/76 2748/195/76 1407/167/76
f 1393/183/76 2769/193/76 2757/194/76
f 1408/209/76 2769/193/76 1393/183/76
f 2770/176/66 2771/192/66 2772/192/66
f 2770/176/66 2773/176/66 2771/192/66
f 2774/205/74 2718/207/74 2756/189/74
f 2775/197/74 2776/180/74 1426/196/74
f 2777/187/74 2778/179/74 2779/199/74
f 2779/199/74 2780/172/74 2777/187/74
f 2720/200/74 2719/202/74 2781/201/74
f 2759/192/74 2782/191/74 2758/130/74
f 2781/201/74 2783/222/74 2782/191/74
f 2781/201/74 2759/192/74 2720/200/74
f 2781/201/74 2782/191/74 2759/192/74
f 2784/203/83 2785/203/83 2786/181/83
f 2784/203/83 2786/181/83 2787/181/83
f 2788/121/73 2789/196/73 2790/203/73
f 2791/100/83 2792/103/83 2793/102/83
f 2791/100/83 2793/102/83 2794/97/83
f 2795/107/83 2796/109/83 2792/103/83
f 2795/107/83 2792/103/83 2791/100/83
f 2797/102/71 2798/118/71 2799/97/71
f 2800/165/72 2801/130/72 2802/215/72
f 2803/168/69 2804/166/69 2805/216/69
f 2806/171/70 2807/169/70 2808/217/70
f 2809/121/74 2810/218/74 2811/198/74
f 2812/201/74 2813/222/74 2814/191/74
f 2815/219/74 2816/174/74 2817/175/74
f 2818/220/74 2819/205/74 2820/206/74
f 2821/187/66 2822/186/66 2823/186/66
f 2821/187/66 2824/187/66 2822/186/66
f 2825/189/63 2826/188/63 2827/188/63
f 2825/189/63 2828/189/63 2826/188/63
f 2829/200/63 2830/177/63 2831/177/63
f 2829/200/63 2832/200/63 2830/177/63
f 2833/188/82 2834/188/82 2835/204/82
f 2833/188/82 2835/204/82 2836/204/82
f 2837/180/63 2838/181/63 2839/181/63
f 2837/180/63 2839/181/63 2840/180/63
f 2841/177/82 2842/177/82 2843/176/82
f 2841/177/82 2843/176/82 2844/176/82
f 2845/172/63 2846/173/63 2847/172/63
f 2845/172/63 2848/173/63 2846/173/63
f 2849/207/83 2850/207/83 2851/189/83
f 2849/207/83 2851/189/83 2852/189/83
f 2853/180/82 2854/196/82 2855/196/82
f 2853/180/82 2856/180/82 2854/196/82
f 2857/192/83 2858/192/83 2859/200/83
f 2857/192/83 2859/200/83 2860/200/83
f 2861/172/82 2862/187/82 2863/187/82
f 2861/172/82 2864/172/82 2862/187/82
f 2865/204/66 2866/207/66 2867/207/66
f 2865/204/66 2868/204/66 2866/207/66
f 2869/204/74 2870/189/74 2871/207/74
f 2869/204/74 2872/188/74 2870/189/74
f 2873/176/74 2874/200/74 2875/192/74
f 2873/176/74 2876/177/74 2874/200/74
f 2877/196/74 2878/180/74 2879/181/74
f 2877/196/74 2879/181/74 2880/203/74
f 2881/187/74 2882/172/74 2883/173/74
f 2881/187/74 2883/173/74 2884/186/74
f 2885/174/78 2886/173/78 2887/172/78
f 2888/178/74 2889/177/74 2890/176/74
f 2888/178/74 2891/188/74 2892/204/74
f 2888/178/74 2892/204/74 2893/207/74
f 2888/178/74 2893/207/74 2894/202/74
f 2888/178/74 2895/186/74 2896/173/74
f 2894/202/74 2897/200/74 2889/177/74
f 2894/202/74 2889/177/74 2888/178/74
f 2898/178/74 2899/176/74 2900/125/74
f 2901/155/82 2902/171/82 2903/217/82
f 2901/155/82 2904/221/82 2902/171/82
f 2905/165/82 2904/221/82 2901/155/82
f 2905/165/82 2906/215/82 2904/221/82
f 2907/125/74 2908/181/74 2909/178/74
f 2910/178/84 2911/180/84 2912/179/84
f 2913/183/76 2914/126/76 2915/182/76
f 2916/178/74 2917/173/74 2918/159/74
f 2919/213/66 2920/195/66 2921/208/66
f 2919/213/66 2921/208/66 2922/214/66
f 2923/166/66 2920/195/66 2919/213/66
f 2923/166/66 2924/167/66 2920/195/66
f 1455/208/76 2925/195/76 1453/183/76
f 2926/179/84 2927/186/84 2928/178/84
f 2891/188/74 2929/159/74 2930/190/74
f 2930/190/74 2931/189/74 2891/188/74
f 1463/118/76 1453/183/76 2932/194/76
f 2933/130/74 1464/125/74 2890/176/74
f 2933/130/74 2890/176/74 1486/192/74
f 2934/196/66 2935/196/66 2936/203/66
f 2934/196/66 2936/203/66 2937/203/66
f 2938/186/83 2939/186/83 2940/173/83
f 2938/186/83 2940/173/83 2941/173/83
f 1453/183/76 2925/195/76 1470/167/76
f 1453/183/76 2942/193/76 2932/194/76
f 1453/183/76 1462/119/76 2943/126/76
f 1471/209/76 2942/193/76 1453/183/76
f 2944/119/63 2945/130/63 2946/126/63
f 2944/119/63 2947/121/63 2948/125/63
f 2944/119/63 2949/118/63 2947/121/63
f 2944/119/63 2948/125/63 2945/130/63
f 2950/176/66 2951/192/66 2952/192/66
f 2950/176/66 2953/176/66 2951/192/66
f 2931/189/74 2954/206/74 2955/205/74
f 2955/205/74 2893/207/74 2931/189/74
f 2956/196/74 2957/198/74 2958/197/74
f 2958/197/74 2959/180/74 2956/196/74
f 2960/199/74 2961/172/74 2962/187/74
f 2963/201/74 2964/192/74 2965/200/74
f 2966/203/83 2967/181/83 2968/181/83
f 2966/203/83 2969/203/83 2967/181/83
f 2970/121/73 2971/196/73 2972/203/73
f 2973/102/71 2974/118/71 2975/97/71
f 2976/165/72 2977/130/72 2978/215/72
f 2979/168/69 2980/166/69 2981/216/69
f 2982/171/70 2983/169/70 2984/217/70
f 2985/121/74 2986/218/74 2987/198/74
f 2988/219/74 2989/174/74 1554/175/74
f 2990/220/74 2991/205/74 2992/206/74
f 2993/187/66 2994/187/66 2995/186/66
f 2993/187/66 2995/186/66 2996/186/66
f 2997/189/63 2998/188/63 2999/188/63
f 2997/189/63 3000/189/63 2998/188/63
f 3001/200/63 3002/177/63 3003/177/63
f 3001/200/63 3004/200/63 3002/177/63
f 3005/188/82 3006/204/82 3007/204/82
f 3005/188/82 3008/188/82 3006/204/82
f 3009/180/63 3010/181/63 3011/180/63
f 3009/180/63 3012/181/63 3010/181/63
f 3013/177/82 3014/177/82 3015/176/82
f 3013/177/82 3015/176/82 3016/176/82
f 3017/172/63 3018/173/63 3019/173/63
f 3017/172/63 3019/173/63 3020/172/63
f 3021/207/83 3022/207/83 3023/189/83
f 3021/207/83 3023/189/83 3024/189/83
f 3025/180/82 3026/180/82 3027/196/82
f 3025/180/82 3027/196/82 3028/196/82
f 3029/192/83 3030/200/83 3031/200/83
f 3029/192/83 3032/192/83 3030/200/83
f 3033/172/82 3034/187/82 3035/187/82
f 3033/172/82 3036/172/82 3034/187/82
f 3037/204/66 3038/207/66 3039/207/66
f 3037/204/66 3040/204/66 3038/207/66
f 3041/204/74 3042/188/74 3043/189/74
f 3041/204/74 3043/189/74 3044/207/74
f 3045/176/74 3046/200/74 3047/192/74
f 3045/176/74 3048/177/74 3046/200/74
f 3049/196/74 3050/181/74 3051/203/74
f 3049/196/74 3052/180/74 3050/181/74
f 3053/187/74 3054/173/74 3055/186/74
f 3053/187/74 3056/172/74 3054/173/74
f 3057/174/78 3058/173/78 3059/172/78
f 3060/178/74 3061/202/74 3062/200/74
f 3060/178/74 3063/204/74 3064/207/74
f 3060/178/74 3062/200/74 3065/177/74
f 3060/178/74 3065/177/74 3066/176/74
f 3060/178/74 3064/207/74 3061/202/74
f 3060/178/74 3067/188/74 3063/204/74
f 3060/178/74 3068/186/74 3069/173/74
f 3070/178/74 3071/176/74 3072/125/74
f 3073/155/82 3074/221/82 3075/171/82
f 3073/155/82 3075/171/82 3076/217/82
f 3077/165/82 3074/221/82 3073/155/82
f 3077/165/82 3078/215/82 3074/221/82
f 3079/125/74 3080/181/74 3081/178/74
f 3082/178/84 3083/180/84 3084/179/84
f 3085/183/76 3086/126/76 3087/182/76
f 3088/178/74 3089/173/74 3090/159/74
f 3091/213/66 3092/208/66 3093/214/66
f 3091/213/66 3094/195/66 3092/208/66
f 3095/166/66 3094/195/66 3091/213/66
f 3095/166/66 3096/167/66 3094/195/66
f 1524/208/76 3097/195/76 1522/183/76
f 3098/179/84 3099/186/84 3100/178/84
f 3067/188/74 3101/159/74 3102/190/74
f 3102/190/74 3103/189/74 3067/188/74
f 1532/118/76 1522/183/76 3104/194/76
f 3105/130/74 1533/125/74 3066/176/74
f 3105/130/74 3066/176/74 3106/192/74
f 3107/196/66 3108/196/66 3109/203/66
f 3107/196/66 3109/203/66 3110/203/66
f 3111/186/83 3112/186/83 3113/173/83
f 3111/186/83 3113/173/83 3114/173/83
f 1522/183/76 1531/119/76 3115/126/76
f 1522/183/76 3116/193/76 3104/194/76
f 1522/183/76 3097/195/76 1539/167/76
f 1540/209/76 3116/193/76 1522/183/76
f 3117/119/63 3118/118/63 3119/121/63
f 3117/119/63 3120/130/63 3121/126/63
f 3117/119/63 3119/121/63 3122/125/63
f 3117/119/63 3122/125/63 3120/130/63
f 3123/176/66 3124/192/66 3125/192/66
f 3123/176/66 3126/176/66 3124/192/66
f 3127/205/74 3064/207/74 3103/189/74
f 3128/197/74 3129/180/74 3130/196/74
f 3131/199/74 3132/172/74 3133/187/74
f 3062/200/74 3061/202/74 3134/201/74
f 3134/201/74 3106/192/74 3062/200/74
f 3134/201/74 3135/222/74 3136/191/74
f 3137/203/83 3138/181/83 3139/181/83
f 3137/203/83 3140/203/83 3138/181/83
f 3141/121/73 3142/196/73 3143/203/73
f 3144/100/83 3145/103/83 3146/102/83
f 3144/100/83 3146/102/83 3147/97/83
f 3148/107/83 3149/109/83 3145/103/83
f 3148/107/83 3145/103/83 3144/100/83
usemtl GrayGunsMissileTurret1
f 3150/132/66 3151/135/66 3152/134/66
f 3153/139/66 3154/138/66 3155/137/66
f 3156/104/83 3157/99/83 3158/98/83
f 3156/104/83 3159/101/83 3157/99/83
f 3160/120/66 3161/123/66 3162/122/66
f 3160/120/66 3163/124/66 3161/123/66
f 3164/131/66 3165/128/66 3166/127/66
f 3164/131/66 3167/129/66 3165/128/66
f 3168/110/83 3169/108/83 3170/106/83
f 3168/110/83 3170/106/83 3171/105/83
f 3172/132/66 3173/134/66 3174/133/66
f 3175/139/66 3176/137/66 3177/136/66
f 3178/104/83 3179/99/83 3180/98/83
f 3178/104/83 3181/101/83 3179/99/83
f 3182/114/83 3183/112/83 3184/111/83
f 3182/114/83 3185/113/83 3183/112/83
f 3186/99/83 3187/115/83 3188/98/83
f 3186/99/83 3189/101/83 3187/115/83
f 3190/140/63 3191/142/63 3192/123/63
f 3190/140/63 3192/123/63 3193/141/63
f 3194/128/63 3195/143/63 3196/144/63
f 3194/128/63 3197/129/63 3195/143/63
f 3198/112/83 3199/110/83 3200/105/83
f 3198/112/83 3201/116/83 3199/110/83
f 3202/145/63 3203/148/63 3204/147/63
f 3202/145/63 3204/147/63 3205/146/63
f 3206/151/63 3207/150/63 3208/139/63
f 3206/151/63 3208/139/63 3209/149/63
f 3210/99/83 3211/117/83 3212/115/83
f 3210/99/83 3212/115/83 3213/98/83
f 3214/112/83 3215/116/83 3216/110/83
f 3214/112/83 3216/110/83 3217/111/83
o HeadMissileTurret1
v -0.246876 1.670787 0.737970
v -0.146419 1.585200 0.739729
v -0.146419 1.585200 0.717352
v -0.183352 1.520436 0.717352
v -0.183352 1.520436 0.739729
v -0.292111 1.566769 0.737970
v -0.002298 1.484141 0.739729
v -0.183352 1.520436 0.739729
v -0.183352 1.520436 0.717352
v -0.292111 1.566769 0.737970
v -0.246876 1.670787 0.737970
v -0.246876 1.670787 0.715593
v -0.292111 1.566769 0.737970
v -0.183352 1.520436 0.739729
v -0.146419 1.585200 0.739729
v -0.183352 1.520436 0.739729
v -0.002298 1.484141 0.739729
v 0.003071 1.496950 0.739729
v -0.292111 1.566769 0.715593
v -0.246876 1.670787 0.715593
v -0.146419 1.585200 0.717352
v -0.183352 1.520436 0.717352
v -0.146419 1.585200 0.717352
v 0.003071 1.496950 0.717352
v 0.407806 1.585200 0.717352
v 0.407806 1.585200 0.739729
v 0.508263 1.670787 0.737970
v 0.444739 1.520436 0.717352
v 0.553499 1.566769 0.715593
v 0.553499 1.566769 0.737970
v 0.444739 1.520436 0.717352
v 0.444739 1.520436 0.739729
v 0.263686 1.484141 0.739729
v 0.508263 1.670787 0.715593
v 0.508263 1.670787 0.737970
v 0.553499 1.566769 0.737970
v 0.553499 1.566769 0.737970
v 0.508263 1.670787 0.737970
v 0.407806 1.585200 0.739729
v 0.444739 1.520436 0.739729
v 0.407806 1.585200 0.739729
v 0.258316 1.496950 0.739729
v 0.553499 1.566769 0.715593
v 0.444739 1.520436 0.717352
v 0.407806 1.585200 0.717352
v 0.444739 1.520436 0.717352
v 0.263686 1.484141 0.717352
v 0.258316 1.496950 0.717352
v -0.246876 1.670787 0.737970
v -0.146419 1.585200 0.717352
v -0.246876 1.670787 0.715593
v 0.003071 1.496950 0.739729
v -0.002298 1.484141 0.717352
v 0.003071 1.496950 0.717352
v -0.002298 1.484141 0.739729
v -0.183352 1.520436 0.717352
v -0.292111 1.566769 0.737970
v -0.292111 1.566769 0.715593
v -0.002298 1.484141 0.739729
v -0.183352 1.520436 0.717352
v -0.002298 1.484141 0.717352
v -0.292111 1.566769 0.737970
v -0.246876 1.670787 0.715593
v -0.292111 1.566769 0.715593
v -0.146419 1.585200 0.739729
v 0.003071 1.496950 0.717352
v -0.146419 1.585200 0.717352
v 0.003071 1.496950 0.739729
v -0.292111 1.566769 0.737970
v -0.146419 1.585200 0.739729
v -0.246876 1.670787 0.737970
v -0.183352 1.520436 0.739729
v 0.003071 1.496950 0.739729
v -0.146419 1.585200 0.739729
v -0.292111 1.566769 0.715593
v -0.146419 1.585200 0.717352
v -0.183352 1.520436 0.717352
v -0.183352 1.520436 0.717352
v 0.003071 1.496950 0.717352
v -0.002298 1.484141 0.717352
v 0.407806 1.585200 0.717352
v 0.508263 1.670787 0.737970
v 0.508263 1.670787 0.715593
v 0.263686 1.484141 0.717352
v 0.258316 1.496950 0.739729
v 0.258316 1.496950 0.717352
v 0.263686 1.484141 0.739729
v 0.444739 1.520436 0.717352
v 0.553499 1.566769 0.737970
v 0.444739 1.520436 0.739729
v 0.444739 1.520436 0.717352
v 0.263686 1.484141 0.739729
v 0.263686 1.484141 0.717352
v 0.508263 1.670787 0.715593
v 0.553499 1.566769 0.737970
v 0.553499 1.566769 0.715593
v 0.258316 1.496950 0.717352
v 0.407806 1.585200 0.739729
v 0.407806 1.585200 0.717352
v 0.258316 1.496950 0.739729
v 0.553499 1.566769 0.737970
v 0.407806 1.585200 0.739729
v 0.444739 1.520436 0.739729
v 0.444739 1.520436 0.739729
v 0.258316 1.496950 0.739729
v 0.263686 1.484141 0.739729
v 0.553499 1.566769 0.715593
v 0.407806 1.585200 0.717352
v 0.508263 1.670787 0.715593
v 0.444739 1.520436 0.717352
v 0.258316 1.496950 0.717352
v 0.407806 1.585200 0.717352
v -0.156756 1.332697 0.625115
v -0.216166 0.998451 0.658114
v -0.216166 0.998451 0.608093
v 0.418144 1.332697 0.625115
v 0.418144 1.332697 0.575093
v 0.477554 0.998451 0.608093
v 0.640227 0.930303 0.664843
v 0.477554 0.998451 0.658114
v -0.216166 0.998451 0.658114
v -0.295203 1.400845 0.618387
v -0.378839 0.930303 0.664843
v -0.216166 0.998451 0.658114
v -0.295203 1.400845 0.618387
v -0.156756 1.332697 0.625115
v 0.418144 1.332697 0.625115
v 0.556591 1.400845 0.618387
v 0.418144 1.332697 0.625115
v 0.477554 0.998451 0.658114
v -0.355922 1.216472 -0.386707
v 0.617310 1.216472 -0.386707
v 0.604859 1.390328 0.709760
v 0.617310 1.938194 -0.340878
v 0.604859 1.701261 0.729505
v 0.604859 1.390328 0.709760
v -0.355922 1.938194 -0.340878
v 0.617310 1.938194 -0.340878
v 0.617310 1.216472 -0.386707
v -0.343471 1.390328 0.709760
v -0.343471 1.701261 0.729505
v -0.355922 1.938194 -0.340878
v -0.295203 1.400845 -0.035794
v 0.556591 1.400845 -0.035794
v 0.640227 0.930303 -0.082250
v -0.295203 1.400845 0.618387
v -0.295203 1.400845 -0.035794
v -0.378839 0.930303 -0.082250
v 0.477554 0.998451 0.658114
v 0.477554 0.998451 0.608093
v -0.216166 0.998451 0.608093
v -0.216166 0.998451 0.658114
v -0.156756 1.332697 0.625115
v -0.216166 0.998451 0.608093
v -0.156756 1.332697 0.575093
v 0.418144 1.332697 0.625115
v 0.477554 0.998451 0.608093
v 0.477554 0.998451 0.658114
v 0.640227 0.930303 0.664843
v -0.216166 0.998451 0.658114
v -0.378839 0.930303 0.664843
v -0.295203 1.400845 0.618387
v -0.216166 0.998451 0.658114
v -0.156756 1.332697 0.625115
v -0.295203 1.400845 0.618387
v 0.418144 1.332697 0.625115
v 0.556591 1.400845 0.618387
v 0.556591 1.400845 0.618387
v 0.477554 0.998451 0.658114
v 0.640227 0.930303 0.664843
v -0.355922 1.938194 -0.340878
v -0.343471 1.701261 0.729505
v 0.604859 1.701261 0.729505
v 0.617310 1.938194 -0.340878
v -0.355922 1.216472 -0.386707
v 0.604859 1.390328 0.709760
v -0.343471 1.390328 0.709760
v 0.604859 1.701261 0.729505
v -0.343471 1.390328 0.709760
v 0.604859 1.390328 0.709760
v -0.343471 1.701261 0.729505
v 0.617310 1.938194 -0.340878
v 0.604859 1.390328 0.709760
v 0.617310 1.216472 -0.386707
v -0.355922 1.938194 -0.340878
v 0.617310 1.216472 -0.386707
v -0.355922 1.216472 -0.386707
v -0.343471 1.390328 0.709760
v -0.355922 1.938194 -0.340878
v -0.355922 1.216472 -0.386707
v -0.295203 1.400845 -0.035794
v -0.295203 1.400845 0.618387
v 0.556591 1.400845 0.618387
v 0.556591 1.400845 -0.035794
v 0.640227 0.930303 -0.082250
v 0.640227 0.930303 0.664843
v -0.378839 0.930303 0.664843
v -0.378839 0.930303 -0.082250
v -0.156756 1.332697 0.625115
v -0.156756 1.332697 0.575093
v 0.418144 1.332697 0.575093
v 0.418144 1.332697 0.625115
v 0.556591 1.400845 -0.035794
v 0.556591 1.400845 0.618387
v 0.640227 0.930303 0.664843
v 0.640227 0.930303 -0.082250
v -0.295203 1.400845 -0.035794
v 0.640227 0.930303 -0.082250
v -0.378839 0.930303 -0.082250
v -0.295203 1.400845 0.618387
v -0.378839 0.930303 -0.082250
v -0.378839 0.930303 0.664843
v 0.418144 1.332697 0.575093
v -0.156756 1.332697 0.575093
v -0.216166 0.998451 0.608093
v 0.418144 1.332697 0.575093
v -0.216166 0.998451 0.608093
v 0.477554 0.998451 0.608093
vn 0.6485 0.7612 -0.0000
vn -0.3919 -0.9200 -0.0000
vn -0.1966 -0.9805 -0.0000
vn -0.9170 0.3988 -0.0000
vn -0.0130 0.0074 0.9999
vn -0.0000 -0.0000 1.0000
vn 0.0128 -0.0056 -0.9999
vn -0.0000 -0.0000 -1.0000
vn -0.6485 0.7612 -0.0000
vn 0.3919 -0.9200 -0.0000
vn 0.1966 -0.9805 -0.0000
vn 0.9170 0.3988 -0.0000
vn 0.0128 0.0056 0.9999
vn -0.0130 -0.0074 -0.9999
vn 0.9222 -0.3866 -0.0000
vn 0.5084 0.8611 -0.0000
vn -0.0128 0.0056 0.9999
vn 0.0130 -0.0074 -0.9999
vn -0.9222 -0.3866 -0.0000
vn -0.5084 0.8611 -0.0000
vn 0.0130 0.0074 0.9999
vn -0.0128 -0.0056 -0.9999
vn 0.9846 -0.1750 -0.0000
vn -0.9846 -0.1750 -0.0000
vn -0.0000 0.0983 0.9952
vn -0.0000 -0.9877 0.1566
vn 0.9999 -0.0007 0.0115
vn -0.0000 0.0634 -0.9980
vn -0.9999 -0.0007 0.0115
vn -0.0000 0.0983 -0.9952
vn -0.9846 0.1750 -0.0000
vn -0.0000 1.0000 -0.0000
vn -0.0000 0.9764 0.2161
vn -0.0000 -0.0634 0.9980
vn -0.0000 -1.0000 -0.0000
vn 0.9846 0.1750 -0.0000
vt 0.625000 0.750000
vt 0.625000 0.846903
vt 0.375000 0.846903
vt 0.375000 0.750000
vt 0.375000 1.000000
vt 0.625000 1.000000
vt 0.595043 0.963851
vt 0.404957 0.967437
vt 0.595043 0.786149
vt 0.404957 0.782563
vt 0.125000 0.500000
vt 0.375000 0.500000
vt 0.625000 0.500000
vt 0.625000 0.250000
vt 0.375000 0.000000
vt 0.625000 0.000000
vt 0.375000 0.250000
vt 0.875000 0.500000
vt 0.875000 0.750000
vt 0.125000 0.750000
s 0
usemtl RedHeadMissileTurret1
f 3218/223/85 3219/224/85 3220/224/85
f 3221/225/86 3222/225/86 3223/226/86
f 3224/227/87 3225/225/87 3226/225/87
f 3227/226/88 3228/223/88 3229/223/88
f 3230/226/89 3231/225/89 3232/224/89
f 3233/225/90 3234/227/90 3235/228/90
f 3236/226/91 3237/223/91 3238/224/91
f 3239/225/92 3240/224/92 3241/228/92
f 3242/224/93 3243/224/93 3244/223/93
f 3245/225/94 3246/226/94 3247/226/94
f 3248/225/95 3249/225/95 3250/227/95
f 3251/223/96 3252/223/96 3253/226/96
f 3254/226/97 3255/223/97 3256/224/97
f 3257/225/90 3258/224/90 3259/228/90
f 3260/226/98 3261/225/98 3262/224/98
f 3263/225/92 3264/227/92 3265/228/92
f 3266/223/85 3267/224/85 3268/223/85
f 3269/228/99 3270/227/99 3271/228/99
f 3269/228/99 3272/227/99 3270/227/99
f 3273/225/86 3274/226/86 3275/226/86
f 3276/227/87 3277/225/87 3278/227/87
f 3279/226/88 3280/223/88 3281/226/88
s 1
f 3282/224/100 3283/228/100 3284/224/100
s 0
f 3282/224/100 3285/228/100 3283/228/100
f 3286/226/101 3287/224/101 3288/223/101
f 3289/225/90 3290/228/90 3291/224/90
f 3292/226/102 3293/224/102 3294/225/102
f 3295/225/92 3296/228/92 3297/227/92
f 3298/224/93 3299/223/93 3300/223/93
f 3301/227/103 3302/228/103 3303/228/103
f 3301/227/103 3304/227/103 3302/228/103
f 3305/225/94 3306/226/94 3307/225/94
f 3308/225/95 3309/227/95 3310/227/95
f 3311/223/96 3312/226/96 3313/226/96
s 1
f 3314/228/104 3315/224/104 3316/224/104
s 0
f 3314/228/104 3317/228/104 3315/224/104
f 3318/226/105 3319/224/105 3320/225/105
f 3321/225/90 3322/228/90 3323/227/90
f 3324/226/106 3325/224/106 3326/223/106
f 3327/225/92 3328/228/92 3329/224/92
usemtl GrayHeadMissileTurret1
f 3330/229/107 3331/230/107 3332/230/107
s 1
f 3333/231/108 3334/231/108 3335/232/108
s 0
f 3336/226/109 3337/232/109 3338/230/109
f 3339/228/109 3340/227/109 3341/230/109
f 3342/228/109 3343/229/109 3344/231/109
f 3345/223/109 3346/231/109 3347/232/109
f 3348/233/110 3349/234/110 3350/226/110
f 3351/235/111 3352/223/111 3353/226/111
s 1
f 3354/236/112 3355/235/112 3356/234/112
s 0
f 3357/237/113 3358/238/113 3359/236/113
f 3360/236/114 3361/235/114 3362/234/114
f 3363/238/115 3364/236/115 3365/239/115
f 3366/232/116 3367/232/116 3368/230/116
f 3366/232/116 3368/230/116 3369/230/116
s 1
f 3370/229/107 3371/230/107 3372/229/107
s 0
f 3373/231/108 3374/232/108 3375/232/108
f 3376/226/109 3377/230/109 3378/227/109
f 3379/228/109 3380/230/109 3381/229/109
f 3382/228/109 3383/231/109 3384/223/109
f 3385/223/109 3386/232/109 3387/226/109
f 3388/240/117 3389/241/117 3390/223/117
f 3388/240/117 3390/223/117 3391/235/117
f 3392/233/110 3393/226/110 3394/242/110
f 3395/223/118 3396/227/118 3397/226/118
f 3395/223/118 3398/228/118 3396/227/118
f 3399/235/111 3400/226/111 3401/234/111
f 3402/236/112 3403/234/112 3404/239/112
f 3405/237/113 3406/236/113 3407/239/113
f 3408/240/116 3409/241/116 3410/223/116
f 3408/240/116 3410/223/116 3411/235/116
f 3412/234/119 3413/226/119 3414/242/119
f 3412/234/119 3414/242/119 3415/233/119
f 3416/229/119 3417/229/119 3418/231/119
f 3416/229/119 3418/231/119 3419/231/119
f 3420/235/120 3421/223/120 3422/226/120
f 3420/235/120 3422/226/120 3423/234/120
f 3424/236/114 3425/234/114 3426/239/114
s 1
f 3427/238/115 3428/239/115 3429/237/115
s 0
usemtl BlackHeadMissileTurret1
f 3430/231/109 3431/229/109 3432/230/109
f 3433/231/109 3434/230/109 3435/232/109
